0,1,2,3,4,5,6,7,8,9,10,11
-0.16100301054546318,0.03788091210037401,0.19431150175547615,-0.0036829969421156854,-0.43494803415784233,0.0972505372856035,0.0009328917242241344,-0.05993011011970813,-0.007565079934361383,-0.04668034889308657,-0.0012859963492080227,-0.0023243424691167976
-0.2398276687810816,0.11824285067364965,0.3722492699288661,-0.004054565541286306,-0.7635029903686494,0.21482318492723507,0.0007612850602185957,-0.05761172034679768,-0.007715647338297172,-0.03761127275684924,-0.001336371531420855,0.027950470164533878
-0.20243477004734522,0.09261549138593542,0.3089198972768026,-0.004765994574359104,-0.639153674170951,0.17229101380047507,0.00044769005377701273,-0.05477966931448395,-0.007967799495596325,-0.04494417927530367,-0.0014116449220113567,0.01671031098393682
-0.20259607692049197,0.10583700133825819,0.3314681523613696,-0.0057503538493423705,-0.673550032287421,0.18616447855005025,1.780750052778968e-05,-0.06040825791446211,-0.008217037116191907,-0.03691068832543289,-0.001438723242832876,0.024900585035087765
-0.22130673584515131,0.03959040295957053,0.30480171974572373,-0.006910998365894662,-0.6543641887873892,0.15584567297314594,0.02710867011050465,-0.020926063120003766,-0.03215039519963115,-0.04985785678240107,-0.001313298662015114,0.008093430552476393
-0.18902667153017177,0.0411941980715722,0.3248271010975127,-0.008125863753493444,-0.6547919252877388,0.17517231807879066,-0.001504911347640608,-0.01967771843549623,-0.024155769609248194,-0.036625126988145046,-0.0009155525431225901,0.008566381701123192
-0.17762759604284245,0.04333563255955864,0.28486398171665583,-0.009259443297442797,-0.5889288610907119,0.14205189829613996,0.008634927562834984,-0.018094415106219692,-0.03310501946296657,-0.0470952478550556,-8.873439938291653e-05,0.009070813039631375
-0.19253520923678702,0.04604409951783861,0.33208202226142114,-0.010176338221379023,-0.6712072817325403,0.1713106651018776,-0.04681250288904007,-0.01602733120000215,-0.024012439170543444,-0.028910954746187066,0.001330188357121342,0.00955717787453136
-0.06852110544083814,0.11846013941184316,0.31000322150265075,-0.039510609566476174,-0.5889486361148868,0.06310862676486599,0.01022627058154109,-0.040680145017392914,-0.017604431706380402,-0.030451320606197138,-0.028235358017611456,0.01028203090345685
-0.06373610216024171,0.15575011451512938,0.3631091609702489,-0.06338133312574151,-0.6612076433884626,0.0630137350232251,0.01954076445009688,-0.034773512355578504,0.0013539748009958224,-0.007440719324572378,0.007385175999297978,0.04936442524451891
-0.05931689170707973,0.1590479003569911,0.35342217295252765,-0.06650545141587927,-0.6298440989554652,0.06448611518255132,-0.03118226773216521,-0.04022853283043366,-0.008376492851715133,-0.013351932100784484,-0.003372155392882086,0.03303311403363393
-0.05529868228650141,0.14154306052146165,0.3203704228700668,-0.04940493024508605,-0.5778998679032892,0.06758894615344603,-0.05782834069677311,-0.04754036783638111,0.010064386206047054,0.007764265249473752,0.015880080122443786,0.0433992427211049
-0.17362867092039574,0.08042524818837596,0.2589932895531245,0.01790894023366915,-0.5412367480577689,0.12075807837318812,0.006844004621245794,-0.03230746513611442,-0.015927622103310758,-0.020178278645522508,0.020283035767590985,0.01100416679561372
-0.11935217464955108,0.11329701747914306,0.26970555531776996,-0.017476746337080525,-0.5006918955843946,0.14787405542016407,0.009924836361360998,-0.034984458505041054,0.013539597956719239,0.012981115396637773,0.025767407372043825,0.030397492134672327
-0.15583170466274793,0.061328039486733904,0.20887845903525162,0.035892635044385765,-0.44290690935472965,0.09592672952064406,0.013330780285752316,0.0007409832956940601,-0.016416884136721363,-0.022199917225308535,0.031079344211273664,-0.01135435842910391
-0.11856412881013222,0.12533749507929934,0.28061651171839436,-0.018224665108908692,-0.503877247275667,0.16745594483260734,0.016954449012484576,-0.022806942976762043,0.035176233331212656,0.03903758501616948,0.03577215509333835,0.037025476628706894
-0.038699054447744755,0.05196185601721125,0.2140257943688313,-0.007547493600336052,-0.4727433345171276,0.10130823208346809,0.31231357429349477,0.19713380230582359,0.0268418521375558,-0.013563610654196409,-0.03908337204201309,0.009340860895600732
-0.03536313501101385,0.5033444132596919,0.5964176463537831,-0.008127287528105922,-0.5572931067623944,0.5305053616181399,0.1321407139416183,0.45684413441012595,0.4699007652961248,0.44359959881823036,0.42362936438235654,0.009616902204421926
-0.03179778576115384,0.44211956978178724,0.6088049099088014,-0.009369604278938773,-0.7195613232355466,0.5022912283220013,-0.47188175552263933,-0.10418715808619974,0.25816619466474455,0.33730710766589356,0.3572388534376094,0.010342151370248439
-0.027907030356210102,-0.0071136316328362925,0.1272122175511784,-0.011340423112208675,-0.3320272141435042,0.04413158106426998,0.22776924841163781,0.18293704859164556,-0.03405925533285177,-0.051642649312497804,-0.06513737543434461,0.011636819634591837
-0.0495904172512055,0.13734604999733835,0.2588029619634913,-0.05088241082552325,-0.37609972813718595,0.18725353991278929,0.1081980005775933,0.11750300976797533,0.09622593713253502,0.07979441440259377,0.04139188608278455,0.04036467611539822
-0.10755876686950049,0.07985330138365658,0.21193423968927808,0.004399604857655906,-0.3591392544365183,0.13690660956259804,0.1525519861504107,0.059498355807113615,0.024855215475551418,0.012397416156019081,0.03964482818010636,0.0006611169297823377
-0.03068324155559213,0.1378557822164438,0.25560444214634104,-0.06620761102375695,-0.3439100596943744,0.19180931955174368,0.07797139581152546,0.06552425722114351,0.08039263556456258,0.0664320920622112,0.0378020682925344,0.057624765026562
-0.047208118322804006,0.10421669834208816,0.21853263119189917,-0.04179399540825543,-0.30361373845596673,0.15896340256740238,0.12888308889668662,0.06118845992316649,0.054188146371926704,0.029364279885758834,0.036231715475316194,0.02431897104350195
-0.03125345882230107,0.06471655634897883,0.2473835652671541,-0.03171175709619257,-0.13200416912694568,0.18566438341331656,0.07924469905183523,0.049285657571177297,0.09260150644173298,0.07198988358052216,0.03514911758522507,0.028278426396351173
-0.038453525618936675,0.06373855182651499,0.2225685731717018,-0.03690510450894594,-0.12130813496137012,0.1644621689273954,0.11495261682459483,0.05003657707791928,0.08259142798837138,0.050864754475528205,0.03457058517134446,0.032924840032027364
0.010615339028285351,0.06340629815755598,0.23999156591335236,-0.041746273183366614,-0.11296656576844462,0.19076606967392823,0.0597223959687248,0.05076879654275044,0.13063484488330204,0.09801667302658787,0.03432164411620611,0.03731943131869856
0.041438647050266286,0.06333797355000877,0.24866139390684533,-0.04579242068457397,-0.10697698787415774,0.20543230393043282,0.10367595109851532,0.051121673435519016,0.1464832898364416,0.10251020537247467,0.034086577117027186,0.041013483235919176
0.09722624380649972,0.20770762870012235,0.2877205742129664,-0.17847005264508448,-0.27105399444682565,0.2502500737593142,0.06363164426315995,0.20424974873776636,0.2106277805522896,0.16548655920134347,0.13298118888201188,0.16396084300842698
0.14197329930439964,0.22902805405126947,0.28824513465628604,-0.2092301364258649,-0.2356941557858292,0.2621847051119952,0.07361065197902851,0.2333916435725695,0.21704121120403058,0.17050642311860817,0.1473853673512608,0.18461326699362657
0.1619145807612874,0.2434369089421325,0.29376403098371473,-0.22717510212142558,-0.23118415983262805,0.27140970991782104,0.0382231372600835,0.21075390118551607,0.22229520619747567,0.18997998835034743,0.1710687425788907,0.20468403204881344
0.10228985816870015,0.18636163157345625,0.2404992436180421,-0.16876445350063224,-0.2179634539564792,0.21395258447419857,0.09946166541522375,0.14854353349949914,0.13424113354975398,0.11601626898744083,0.10481636393167518,0.1573023715124236
0.010554617798544191,0.11498154924732307,0.18569851587086988,-0.08994360428472611,-0.23376157278505078,0.14728388967068518,0.10237895167225997,0.06303135376260482,0.06956664793959068,0.03549390213023867,0.0492168336167366,0.09069094205807902
-0.011953634125044594,0.06425597220037929,0.11749907702410065,-0.04716084057539961,-0.16360138236376381,0.08801023063981094,0.10521534333876849,0.011804756210315723,0.00866673551748249,0.029788896552044038,-0.01811811588484672,0.031718613758907575
-0.04892816779229473,0.05153180516108536,0.11821650448631588,-0.027426074171677944,-0.20584990882161047,0.07917837832789475,0.0632916470488703,-0.021155900019808056,-0.003742075773259558,0.023566286812222,-0.01942317429200597,0.024506031061521567
-0.08914706298857925,0.02053561348414744,0.09306460741857756,0.0066030496504259975,-0.21312351839504134,0.04911918996306872,0.0765225286183483,-0.025151709299923112,-0.027032422559138437,0.017182544734387923,-0.04037450966273392,-0.0005595960220932672
-0.0852465102923454,0.024824278110644787,0.09389117615933729,-0.01924566327885422,-0.21366636073422257,0.03571127854655965,0.02278567911937128,0.005232427450597407,0.006743235009325237,0.010963933000041021,0.0013498169645106174,0.007190491574473637
-0.08125359065113927,0.007574822570776386,0.06159350151598973,-0.013224937141113563,-0.16771692753351514,0.027993357566437,0.01925900018342789,-0.0018199709264941138,-0.001063092155571435,0.005173381568953982,-0.003427114282551313,-0.015711545231548843
-0.041167000000074665,0.030012899766138256,0.06735225080780788,-0.00774232173348295,-0.14095874029751237,0.021287102518991706,0.01577472581823273,-0.008078380705555836,-0.008152019404331084,-1.705673981926021e-05,-0.007605717154560331,-0.009634231946938658
-0.112511998470311,-0.000641417678822212,0.06489187877090538,-0.002878150459232883,-0.20628211967453927,0.015671754837322138,0.012473892120625529,-0.01342829532388446,-0.014454714410747345,-0.004505193457508626,-0.011120926786682717,-0.028253253150263908
-0.08560793232115088,0.012036486609266237,0.02361392831548566,0.001362601715134855,-0.1822549990495142,0.03129241561696727,0.024561565945980857,-0.06050593875322324,-0.042353148028420586,-0.032531645651799654,-0.036816343009664035,-0.022825963981783923
-0.09308336916597379,-0.007018330765928546,0.018925435303406585,0.005046457366240502,-0.15317649935442346,0.009528220879465499,0.02883452566991579,-0.07374767886817031,-0.0670584479588231,-0.04944078331908854,-0.059776291284118335,-0.046933213343063176
-0.07073043471932192,0.00335622410517846,0.015167402461085808,0.008234052576658508,-0.1328511855778919,0.01625719594098835,-0.009213250248759196,-0.0891437538936877,-0.06461286617973946,-0.04450778519044868,-0.049369079208686543,-0.042563199485451876
-0.05868193909750061,-0.010576892754576241,0.012252115051153405,0.010968210984395148,-0.0785884227600703,-0.0035282664953256706,0.009359324568047275,-0.08363331093786926,-0.08035116669825734,-0.06202105104811522,-0.07625731426429638,-0.06331501742776928
-0.07525250417353885,-0.0033381934881077957,0.01704846125317549,0.030599716313767893,-0.10445695223275898,-0.002124146740983482,-0.01503833547806463,-0.028913991319649286,-0.07679270183498912,-0.01751893429516218,-0.02061309134082787,-0.055675158744566855
-0.0988432361945152,-0.004540017188689032,0.009957098112410929,0.0496777415091435,-0.11615893226160742,-0.01372589735148241,0.007255700539344216,-0.030647475210166926,-0.09280835011614355,-0.018836322459082545,-0.021452949624197505,-0.07496372005820191
-0.09587394313391598,-0.005477763855790881,0.02201144572638819,0.04378905782119538,-0.1300188015303616,-0.003820865602881115,-0.026100586707285055,-0.03212532431762038,-0.08138495856195778,-0.019862957899814702,-0.022000226755180798,-0.06257283384874013
-0.09529223524981834,-0.006147807331839415,0.0037731985558889115,0.05337819554260248,-0.10355198277184988,-0.018076428178832885,-0.006615929817183985,-0.03331324127110709,-0.09215895732236684,-0.020566208611720094,-0.02217559563726837,-0.07490143358719342
-0.09843552098875316,-0.029183724463024276,0.012192737575743406,0.05282994111763889,-0.11914325340888843,-0.0012865486661269626,-0.030912880997546008,-0.10944956927625284,-0.0773007257567083,-0.055836034560424214,-0.06481366929580713,-0.01895637011834131
-0.0662819556182731,-0.03341643169136296,-0.013772488859327565,0.046137564440562884,-0.0512929674916012,-0.0012965181355701744,0.030315744794418724,-0.08669241139587798,-0.08689330146083332,-0.07077877370315513,-0.0755300626625021,-0.016387919887607648
-0.05787388186608694,-0.015338449584843306,0.010227473430707835,0.03066473915959711,-0.07845246241913499,-0.0010563644763331359,-0.009209471140377517,-0.09778764438963657,-0.0695091828538274,-0.04898599574030579,-0.05372961377971303,-0.013239814237812508
-0.09013205821653208,-0.01641923066396656,0.03124631972873278,0.0410606483952906,-0.14030936057120963,-0.0005034476493766611,0.05486175718190157,-0.0661765455971145,-0.06734619533483055,-0.05880907326738449,-0.05714017351978951,-0.009517680787701524
-0.01967978226370403,-0.003051362813625921,0.06699017300664054,0.009483743971677751,-0.13819251106550576,0.04438324301427445,0.026848031741718598,-0.08578979343787722,-0.046413235918471483,-0.030061126373560385,-0.02746352849464409,-0.016844695565372787
-0.013735631641901381,-0.0005641567912862571,0.029760538152941097,0.005496577166962432,-0.07256225015288902,0.018266503524550476,0.037399265061937075,-0.07842890142572476,-0.04861025948090543,-0.04169942272438716,-0.04012178456081283,-0.01287472915975634
-0.007189955750664507,0.002576668816189829,0.01587839736888054,0.0007895978118037028,-0.08054538171209456,-0.0004314402384565912,-0.01746875465914497,-0.09771711652623949,-0.03989700015910389,-0.02366689882334341,-0.023928599212772416,-0.018012826589935745
-0.00024101584115250162,0.006227156818118258,-0.05587107973495242,-0.004458410983035154,0.013554312154202414,-0.05906194936256946,0.0371553173950611,-0.06336622555779194,-0.05776781203720709,-0.05035061276929037,-0.05377759484003278,-0.05268455173180292
-0.04446020606187819,-0.03862044225271801,-0.03109837538647927,0.041033854382528906,-0.022044735144081472,-0.03707707933364064,-0.034714519451272866,-0.010962067240716617,-0.03710911525247783,-0.026009619220161824,0.012532791766821361,0.015025263877721125
-0.08932333258015482,-0.06371130559207702,-0.040528758063619344,0.07241212840042369,-0.017517236974991367,-0.056334987362494295,0.010027829581014122,-0.005047137377226061,-0.039131140347962654,-0.03533648624556436,0.018842371576029693,0.01951796697913629
-0.023149388918136282,-0.02469183550852986,-0.02368799029867766,0.023244979880047888,-0.012934372052605917,-0.026041114909739878,-0.03256219038513323,0.0007491759123260146,-0.019180553784484362,-0.004204263249243216,0.02423591645941893,0.023057258789214483
0.048987529892743895,0.005571924209485317,-0.024382066998084324,-0.021583762613859688,-0.008321533652175049,-0.007971099377262557,0.4332626317077772,0.006203650398628309,0.08404673384966727,0.04042101308693472,0.0283174796830811,0.025354705798125453
0.4992969717117049,0.49195007813715935,0.4334252760774718,-0.5132311028637805,-0.1582425864391737,0.4676489470818299,-0.21611774658805566,0.270849959458792,0.5044371333274345,0.5236258532991198,0.5201936729752945,0.49003493723636793
0.10641380912693456,0.10853979752984524,0.0986126014567643,-0.11561241234466049,-0.050057923524510696,0.10334252853590926,-0.31261139945997296,-0.15092475466366312,0.04920049750625663,0.11112071022591274,0.12693662014362395,0.12356825907461619
0.007101203235896789,-0.08156063281942474,-0.12978432842832416,0.05140914443660306,0.18175777838599205,-0.10167824241780975,0.20090397096753485,0.18397782902142065,-0.020242332929501727,-0.03252450112703763,-0.04722763109085204,-0.07217480006393091
0.03667320304047873,0.020358859836577172,0.010423090143145169,-0.032809378407438486,0.010211540145245916,0.015402952461594215,0.03457666195886837,-0.001575319355982041,0.02312096818127144,0.02760949669286209,0.014395605644237516,-0.00730034962290569
0.02443809463316976,-0.014936163174042824,-0.034218317854705665,-0.03444996759509548,0.06210312716330689,-0.02302574593848237,-0.0009821528980219806,0.03407390302447137,0.009637866159962802,0.03612374933232906,-0.010028302921228797,-0.03103601036461888
0.02467384151425868,0.011759838795244892,0.00966798796320113,-0.035346544586804085,-0.0011297794201654,0.010921272940247336,-0.002564013287750845,-0.012086119560297967,0.023066184307220766,0.036130810167065285,0.01045671133707058,-0.00738153295343448
0.050517157029695725,-0.0009351323958867244,-0.024003330131257265,-0.03656080146058902,0.07138245012256376,-0.009467770806935179,-0.004237975308530791,0.04106927000158273,0.024535795682956503,0.036238182558362184,0.0035041534076783037,-0.015087239376214846
0.040612048581967645,0.009797246223137109,0.002935221512492218,-0.03816473816440685,0.021759489366450717,0.008138437203417934,-0.005982737493436777,0.026390855607909644,0.04403199900994876,0.036565370028007936,0.016000767941682266,-0.0012747163052716434
0.037495939465062855,0.0016583161785440718,0.0019394344344277768,-0.0292260476693314,0.026396837659000943,0.009422627655461244,0.012970833979339987,0.0827864711198418,0.06010333866908331,0.04379267656840594,0.027018883509078467,0.003791988083175213
0.08334876828805576,0.02675678700416139,0.00036561982929289274,-0.06442709996699415,0.049839010503422154,0.008288013504752025,-0.02895221134881489,0.10080069195042551,0.0904251420887011,0.06802226332911152,0.050174512158443485,0.027339029712669487
0.15384380995603023,0.056728742656600516,-0.001357044823764632,-0.11016509985580913,0.10893429215255665,0.0068762583076951685,-0.028729237653413505,0.18388029173236947,0.13304527775944885,0.10000203539012249,0.08291810896366006,0.053080476827374254
0.18758190496011173,0.09640655551524427,-0.00340046886205023,-0.1516628535252058,0.07773071456839543,0.004915946354598619,-0.06301239412134665,0.21288210011433384,0.17233788234010572,0.13750771219512214,0.12245522857113683,0.09930324378071034
0.27845758612644794,-0.001605701476819178,0.0526436370527497,-0.2067638976577983,0.16773501582137695,0.10531813455805374,-0.041232702590136144,0.24364074413300738,0.1924074518543648,0.1580297913118714,0.1531392222771129,0.12909879063922097
0.24239055460954093,-0.006336759291411827,0.04604848807134854,-0.1823497841622747,0.14232588066894455,0.09027645577602449,-0.049296491287450284,0.1850159700815701,0.16207641406172646,0.14046250261831322,0.14171337932838188,0.11910220339570383
0.13679943357581958,-0.011734931771040335,0.0008139192675459921,-0.09703807239161948,0.10698310330615607,0.02677322438284651,-0.030101207207999577,0.10640320678251944,0.08782951019509319,0.07256555144366689,0.07300305181295881,0.05955162384841099
0.06752139874258796,-0.017653972148572176,-0.05169472815277673,-0.03046354895751871,0.11772919878381781,-0.03263849123849225,-0.027676799106347946,0.010323026599322216,0.01874791604702808,0.009259255047918885,0.007724339677939111,-0.012468941143963002
0.03704854451426598,-0.07313051273198212,-0.07853548523198564,-0.026764912196900484,0.046613169007452514,-0.06897542443232496,-0.01814054632778517,0.02378001027466354,0.029527165864705662,0.015238776209007564,-0.02752818409084459,-0.04548260578126616
0.028412434420181144,-0.0809220126568323,-0.08939535434856527,-0.019611446191806554,0.04720759029658064,-0.07758337491596057,-0.0197527234576517,0.013133361743028676,0.023951887644628356,0.008289330924925994,-0.04655253972232131,-0.06762272452328377
0.019442706873289004,-0.09733003222995866,-0.10205775371012026,-0.01178147046937321,0.047975335682405855,-0.0922198475651545,-0.021826559677647833,0.0021219846995931615,0.01829868904136015,0.0012310603460983739,-0.05247085099726876,-0.07417518303902038
0.010677594857018032,-0.09519557473189595,-0.09580966654841232,-0.0035446500013519584,0.0489162552707895,-0.08732609480410893,-0.02441923031267826,-0.008758368197654378,0.012795551994561566,-0.0055501167850203394,-0.05675916175576312,-0.08431915513334368
-0.03929199783373942,-0.10657259514738512,-0.038890987025229314,0.004859996772402273,0.10048285782533899,-0.09536718225552086,-0.05146634070117383,-0.06725110981684887,0.007565764760144272,-0.05131449494038014,-0.05656166889661669,-0.0853062688685773
-0.026701522643010907,-0.10185838722769569,-0.04412743778464158,0.013237588508400577,0.11630360320333469,-0.0916705622059262,-0.0644792981731556,-0.09132214904151602,0.002624814949475426,-0.06286798651699879,-0.06572150771057625,-0.09182301088267471
-0.029659028626836427,-0.11296425734758485,-0.04972870999517339,0.021382549601505357,0.1371399108033034,-0.10303049918634957,-0.0654395412035588,-0.08368032477466478,-0.0020711901115742387,-0.06112601856782699,-0.05853275800831561,-0.08718932498197896
-0.015944043603566167,-0.11432565988607687,-0.05570691784685381,0.029121391862080865,0.16463129186436468,-0.10668420367184124,-0.08354251231682672,-0.1062466346981669,-0.006625474551847285,-0.07184465422596595,-0.06268127369820053,-0.09396913564294201
-0.03703100198853286,-0.12804050057102848,-0.1458543585405795,0.08689090712457617,0.15297967060075623,-0.04626418289612047,-0.09111422795532029,-0.1092166426637192,-0.011132101100678868,-0.06675260183713641,-0.064896235080432,-0.09758593531683468
-0.08651526214644828,-0.1461158025014851,-0.1439000190256851,0.11872321196059699,0.09531836760334333,-0.049161716189952354,-0.1039445062376166,-0.12953044076889603,-0.015638381670695752,-0.07951455590729713,-0.07432269603885922,-0.11314247854383314
-0.06414438178661243,-0.15303397916737133,-0.1719136317893532,0.12020829272767171,0.14688758730540133,-0.05245122090242168,-0.10288859658649122,-0.1257511538736965,-0.020143269056221193,-0.07267708015562074,-0.06515238621488156,-0.11025770270366148
-0.11370115031336571,-0.1802654078932099,-0.18391286400102094,0.1583884103423965,0.10709529108745097,-0.05615551388465023,-0.11464195654746973,-0.1448417480190862,-0.02457873722855246,-0.08234227586488241,-0.07207865361511606,-0.11803529927364034
-0.018040438626401707,-0.16585397673007735,-0.18947629892780993,0.13846841854543473,0.04876700170824416,-0.15560531696986452,-0.1202905795601194,-0.13041923901804953,-0.08347044616568172,-0.028937937822440977,-0.025891026032582757,-0.10698364558570368
-0.0152529018014801,-0.17184520653083427,-0.20836423536697457,0.14118675145630455,0.050725729600610836,-0.16838460693312385,-0.13816415585240102,-0.15449510790038642,-0.09680172079209975,-0.028866036962984752,-0.025158134325852486,-0.11848380439681905
-0.011556275128656795,-0.1428927684631312,-0.2183264056748173,0.09668273306260243,0.05491227129970325,-0.1571203818927764,-0.13450699270093916,-0.13358971723424534,-0.08672855655888861,-0.028895749017210634,-0.02465860736353339,-0.10958230125512233
-0.00702801627617213,-0.17137224524433858,-0.209517362256035,0.14312344403338279,0.06177124250151205,-0.17353342950791867,-0.12174500549188147,-0.14230759108736737,-0.10297436214754166,-0.029095812761981515,-0.02443726139794716,-0.11094164640871523
-0.05313942751656827,-0.16411755090068392,-0.20431442132471217,0.13532497271173974,0.07151178223057023,-0.16978780146241812,-0.14824495527121911,-0.1298027900277037,-0.09281916252356198,-0.07333629793904939,-0.06215487181146046,-0.03747048295922446
-0.016522386362904613,-0.1515928050963543,-0.20827393620445173,0.1147582274915466,0.08404880152622192,-0.166506025868778,-0.1177740581269544,-0.12373778246125325,-0.10127009298588358,-0.08346870983082624,-0.06959320862192263,-0.03399789672942337
0.035593026970776945,-0.11228896888177095,-0.1797607951800963,0.06952795256011529,0.09901084881232976,-0.13347654547504478,-0.06846432855057788,-0.0870541229783717,-0.07365561083449887,-0.056191672489988576,-0.04414752389457535,-0.03027877002246376
0.04644472295045436,-0.11326765434635752,-0.1855690664424049,0.0658422925796234,0.11576720585530366,-0.13793682195559182,-0.1306620315377534,-0.1209522260062556,-0.09993839604025356,-0.07512408602500256,-0.05655936762201669,-0.02630157493870634
0.09216027796416545,-0.11151773208339219,-0.2097701298193596,0.049109527756887934,0.35989163279147374,-0.1472194241587957,-0.1357431347438396,-0.08979601194026152,-0.07723752411651719,-0.05560259708846846,-0.03686865810391021,-0.04877088331239164
0.005846931432329186,-0.1739509923995195,-0.24579792150481913,0.1191299758888664,0.3467377156630901,-0.19913321644645107,-0.09595485411408342,-0.09885766137515645,-0.1083515985656056,-0.09164308320302475,-0.07914747859391252,-0.09026867753975898
0.07747779595015541,-0.1558402509189818,-0.2612573809370914,0.0824108016169213,0.4540807444667708,-0.1934012292535414,-0.10969378673233136,-0.0767231106868935,-0.08332247427539816,-0.06671386664375088,-0.05901367910600185,-0.06561144597918953
0.022281538659723862,-0.1935253251969956,-0.27942249740903724,0.12473526146393785,0.44488390998603095,-0.2223641708879424,-0.059480041086513336,-0.08386992771821156,-0.11645049591644224,-0.10228066949314027,-0.09152535357033295,-0.09262691702419419
0.1015354467633729,-0.13798032083998996,-0.07232311860188395,0.05840242973899715,0.48285290810775683,-0.17215731812189594,-0.10718788588003042,-0.04722354059104637,-0.03380531417447404,-0.028719688887560102,-0.025136598493644594,-0.033542226880648285
0.0017924185228213874,-0.20498092867217743,-0.06650373967451521,0.13611827992001238,0.45398468440568074,-0.22518513430690626,0.13365763717163387,0.04003393214051479,-0.030833263120826633,-0.02721343853022108,-0.024166718202346962,-0.13231974243354752
0.40834213093840827,0.12752703953251954,-0.06152333308969855,-0.2306464836573262,0.4944552777310446,0.07610842785479088,0.24492343164901348,0.5090912292014304,-0.02743964815619529,-0.025239460142777198,-0.02270587063890035,0.20552501799892847
0.4753722173982663,0.3010656564701853,-0.05770503672442987,-0.3762294825305281,0.24626308941020453,0.27096044516550116,-0.4821402307654857,-0.010786609574347829,-0.02353548254603028,-0.02270955827397828,-0.020627093387406075,0.4042349644401136
0.03742827489939837,-0.20363007828741073,-0.05517813214478883,-0.011506057300090137,0.5466909724464015,-0.029267286545134916,0.022539451501076238,0.023016602452108847,-0.14549786624548644,-0.12862744687430874,-0.11304121368707666,-0.10433955056942937
0.1349145950955728,-0.1192462683089252,-0.053835686399835006,-0.011379305767653548,0.5504456103171431,-0.027973042238227417,0.0680135822490033,0.1324403628103771,-0.006212428937428356,-0.01866135065898382,-0.029942846804886472,-0.034306487417285036
0.07288907049009091,-0.14357722905473283,-0.05336268217999167,-0.009723377167137618,0.49209205996143857,-0.028466893965870974,0.042937568725217576,-0.0026180973708794797,-0.06436773425517076,-0.0695967782997301,-0.06641071488864175,-0.07007825984975272
0.10872668161480392,-0.10257275787181902,-0.05329220488856908,-0.00700222590040128,0.47146314999571853,-0.0304617878734348,0.021192659824036855,0.04398168366305337,-0.004235563390576062,-0.011785217254338592,-0.01494692699167486,-0.02002443729842591
0.09571967575048723,-0.02006507418870815,-0.22516907374765893,0.0694821210519324,0.49654423516208945,-0.16503705189967022,0.031081940357643407,0.0019914374003410437,-0.026841051160711372,-0.036810811860115665,-0.032407933401701824,-0.04046118607418558
0.13426091749768265,-0.017924662646073113,-0.20404200501882938,0.04150065501164305,0.4970671809476827,-0.14381413235923918,0.009806173332528634,0.04500264390429232,0.02348367549300605,0.011344095144165012,0.012372197611142048,-0.002060126715121239
0.1158211974194161,-0.016013189470400646,-0.20448865118057707,0.05939754684704295,0.473231845940952,-0.15562608234801767,0.014732159551525433,0.04349510909967358,0.016625390076976866,0.0015119036611237965,0.0054467296021419205,-0.01762877075976514
0.16193256099943915,-0.014501053874884212,-0.1794025360514288,0.025340116935279905,0.471825678420069,-0.13180615780503613,-0.014183947860854676,0.08044638567278178,0.06677826828441526,0.04252667875219721,0.04722606213075179,0.01802809822843769
0.2117583615730981,-0.05158468072800979,-0.04472893629171727,0.0068271888346941294,0.5066978874243108,-0.05140289308166841,-0.0166184886455746,0.018239577203028594,0.08186086718814709,0.0563871535656976,0.060147365665393276,0.0317474377128996
0.237392440098865,-0.006542196476619539,-0.04096743307748896,0.008304484341306248,0.4386662860087477,-0.056874762309573584,-0.06107019916312553,0.015846976829646645,0.14747052044839004,0.11502557294471841,0.11968724313735124,0.09231365036452119
0.3396394948259875,0.03303327660821631,-0.03738760936457611,0.009621329675203972,0.5258582139615541,-0.06292185508671802,-0.07333916636628782,0.013176243986995042,0.15823403803200337,0.1343357649305033,0.14636846657666186,0.12090072134358668
0.3808272206812767,0.056304330097213855,-0.03464111880599691,0.011066581255155007,0.535829322767354,-0.06958152103479846,-0.06992511331181782,0.010111378481819533,0.17329374433322323,0.15675904353473546,0.17556878095047326,0.15469223790548878
0.2933477733438883,-0.0013054787138278984,-0.03337542843298822,-0.061391596540831025,0.1516704560231018,-0.10563956217355322,-0.010851715875077371,0.13012321971869176,0.022281908883903204,0.09860895041176387,0.12430921934887529,0.10203750590089827
0.21029744235923883,-0.06594419518971846,-0.034154821289470165,0.008641577567227828,0.13868704783334826,-0.16661159373925372,-0.010373731181395646,0.05237126310106348,0.01648450837455213,0.043366993178608065,0.06609425867903859,0.035016207069997154
0.12257245946336627,-0.1287532209026228,-0.03739575890036499,0.0781106063468816,0.1288282480643293,-0.2227781513366641,-0.009543767230439962,-0.018549204254053573,0.009554362814804724,-0.017087869178564485,0.004040076867817079,-0.02899587866369351
0.10910613933769453,-0.14073910519039157,-0.04331794339263291,0.08731756302623404,0.12309606636758565,-0.23526862453626451,-0.008518507603943902,-0.03350469828440685,0.0020029318827971924,-0.02211532888251044,-0.003537054880294807,-0.038093783712772784
0.06498751952166544,-0.04289039500648689,-0.05192291790692075,0.027833092095233415,0.12212451564097104,-0.2631022337895704,0.007803760610749931,-0.05702396897957952,-0.05770734681298097,-0.044825184467372645,-0.02666415974176421,-0.06386916880290128
0.04007278277563947,-0.050736124181353925,-0.06299134125581557,0.03362404687685202,0.12608139237947555,-0.25921625204041393,-0.0028240833077985018,-0.05491366085635863,-0.0479328097160301,-0.03701238713624615,-0.016790830486737282,-0.05914540291090309
0.057781223955934824,-0.05913405179499554,-0.07609633103168535,0.040050902975460566,0.13465350613022548,-0.26475116591663955,-0.008412217016795346,-0.050551967215478895,-0.06560862061913601,-0.047831995072857805,-0.03345095842992931,-0.07154406786838388
0.05989935911960878,-0.06789895186106061,-0.09065137536617039,0.04691209147451555,0.14710086312067214,-0.24884757262860657,-0.033061758957789386,-0.0471331675562479,-0.0586255196267795,-0.03920238195630665,-0.026800421300659655,-0.06405223580649648
0.03748982057581449,-0.19227814971043727,-0.29390647299841977,0.13369239284106263,0.4426051144346838,-0.24494077446413945,-0.005311817210873988,-0.05189278477016615,-0.07631258650720167,-0.013675990540351016,-0.00876326137279133,-0.08016031117731305
0.031602122663836316,-0.19731924414829757,-0.3036033750656768,0.1379826441050202,0.4515776525302969,-0.23435727579045396,-0.005608241495184244,-0.05876787296162889,-0.06717859679355441,-0.015564956282685248,-0.011546447538910522,-0.06871965617327147
-0.01799307895009816,-0.22509596188711592,-0.3189319205656536,0.17202970788926164,0.4283296071522473,-0.2382147395190434,-0.006284020721105374,-0.07096554743109607,-0.0853446716305849,-0.016717889772517588,-0.013624047028965266,-0.08550409551848559
0.041437180366600004,-0.21723844921196386,-0.3502991425111728,0.1472549242283751,0.5293370177878511,-0.22663366478518193,-0.007304944330667817,-0.0674455542673373,-0.07869850735182472,-0.01722714698397105,-0.015085996017092283,-0.07834773303765409
0.007499827000709738,-0.25172499074921806,-0.370026057580274,0.18859670301884368,0.5060034676734522,-0.0676193525648517,-0.008648724542743439,-0.018275708745676158,-0.09941959753542845,-0.064980954544548,-0.06033618815324707,-0.032982292535399804
0.0058831621394857415,-0.25136479779610305,-0.36613312472121345,0.19019918907347372,0.49264265915480987,-0.057897825942338846,-0.010266260099061585,-0.016723703148493363,-0.08820234078185986,-0.050292136858696684,-0.05052689037964407,-0.03351804094201776
0.005132517558414714,-0.2587301067117369,-0.37888336013780843,0.19474780102510622,0.511427440841767,-0.04907223681577049,-0.012089074672198372,-0.01513221551682448,-0.10329024306144421,-0.0655894690418275,-0.06249112264393536,-0.03399651694941487
0.005156434326642485,-0.24301787611954767,-0.38878527347497954,0.16660610617011146,0.5728871215031703,-0.041741794309272995,-0.014031489835891612,-0.013595454009681663,-0.08743546760075815,-0.05093438768367138,-0.0483353767376543,-0.03437853802254265
0.0032435795795422613,-0.2578548322112018,-0.4000916791817473,0.18150936508573856,0.5720272128216043,-0.03635595451348175,-0.049615844334246345,-0.012116276666325596,-0.10608652964549566,-0.012008942479566981,-0.015166174110793504,-0.10157778686086545
-0.010634972926660189,-0.2628326776856267,-0.40050787997155546,0.18675069016243856,0.561323829811202,-0.03316783934016236,-0.0614969255535561,-0.010596986030776486,-0.0879783295249723,-0.009623413762402801,-0.01384621147205143,-0.08584259737113722
-0.026594995585907798,-0.26879843072939724,-0.4011780236054414,0.19255222175990064,0.5496641193722527,-0.032211681346506274,-0.03985449788012904,-0.008855572618958807,-0.09983533154584308,-0.006822187032649595,-0.012001415402369885,-0.10778309366213314
0.011843843951534136,-0.25085868397503175,-0.4011984714323634,0.16376096757551634,0.5887675828249215,-0.03330217619239764,-0.07106625641710365,-0.0066548716200317964,-0.07749542659674094,-0.003597966026014753,-0.009551800714293233,-0.08905297078076385
0.01094598282483832,-0.2307015920800714,-0.3725299989458773,0.14520195390978902,0.5506636153426171,-0.03604751619216147,-0.01976472271674705,-0.04513720611272676,-0.08352668456266216,6.284973110115533e-05,-0.04733294963148676,-0.0934095595735927
0.05032080310767266,-0.18940320444601938,-0.3386087839793793,0.09866152555213126,0.5434228714349346,-0.03989235788713607,-0.0014548966048139808,-0.01164984153005771,-0.048681651064601865,0.004167385185480356,-0.015656577375283753,-0.05719934553237289
0.1084665296811822,-0.1841173288067563,-0.3735793650873074,0.07252374802016143,0.6532719079058906,-0.04417974173479049,-0.07907642180804664,-0.04766414959109232,-0.07321218430180766,0.008688895885011002,-0.028468163979304968,-0.06795421155220575
0.10278359767723293,-0.17177056052802817,-0.3567361090580659,0.06159677221629612,0.6289321374044867,-0.048234547325603463,-0.08345847052677237,-0.034907961148415205,-0.03988948851599487,0.013539278140829043,0.0017256764991568432,-0.03711975593026697
0.015983442865983223,-0.23096922968215802,-0.39739179216152526,0.02346552681346219,0.6103453870398596,-0.22692054627476663,-0.057355783245235936,0.016795676847068203,-0.07371356720792027,0.018543526125431368,0.013335568881099765,-0.007599398700906021
0.015909444497450274,-0.20188556657410403,-0.3845527817469648,0.015410090551404899,0.6328513980533321,-0.2139202706395889,-0.09724642384324103,0.023428050938225104,-0.03402893797213758,0.02343314663942115,0.019383156657840895,-0.0014590648809411292
0.01570481716002126,-0.2314981841451279,-0.4028640782439211,0.008526205401058203,0.6139420224111494,-0.2475409645476083,-0.03280064121062229,0.02991612680993259,-0.06679658320596814,0.02785995300136514,0.025246005536798087,0.004169752708687557
0.015632532447595205,-0.16397702152663543,-0.3313210094141344,0.0031047513303013047,0.5520222463821953,-0.18567772943035027,-0.09529374219808043,0.03582231981734913,-0.0012102303971095983,0.031440388865956834,0.03050252086337296,0.008825794894918165
0.015991793068442048,-0.23257486986346435,-0.3825947591287281,0.15473169948988952,0.5398912954209187,-0.050531226308849375,0.2088718698916907,0.13119336688681763,-0.04896645583251415,-0.053877183390752856,-0.06284857174078512,-0.12565272761372268
0.017085849033136116,0.17184629771883875,-0.093668932270762,-0.28904078942855027,0.6032952917642571,-0.047440614069708946,0.1596320753058425,0.5447115470852466,0.38643519242025387,0.3669053246145431,0.35436090650245716,0.28887502180648916
0.019194834144834846,0.2405404679511311,0.06111653196120259,-0.3096220349988945,0.30805302152309133,-0.044005549042752695,-0.5189019746649128,-0.04100844006105671,0.2986415604890019,0.3728558524420506,0.4060381642826649,0.3696189211532728
0.02254820127748145,-0.23459012500515117,-0.4239361596249499,0.1579151388266691,0.6348799846998383,-0.04067178677918989,0.05236784717615761,0.08874362772948441,-0.09544974971746695,-0.08116502118141344,-0.06886102911045691,-0.11621321982736167
0.08570627051527388,-0.02548412053214228,-0.3029760530251483,0.041219328633639196,0.5596176070747785,-0.03776816242582597,-0.018494403911090265,0.05137868558760971,0.03372683824794454,0.044238657649787336,0.03910703198092467,-0.015108760216880013
0.010072639483900497,-0.02296115687922562,-0.3065241950234642,0.09529248818008512,0.4892716202223256,-0.03545506943625684,-0.017970875791895786,0.05310746937748592,0.035452772756653386,-0.0253547214811312,0.03786027751546526,-0.07005237362581017
0.08134030909981249,-0.021586095938479054,-0.2633756868991649,0.03747035474992398,0.49075265878682406,-0.0337088765098313,-0.01739167690797951,0.05519542587902241,0.03686094583253538,0.02536558024063485,0.036441577478200336,-0.024803789910766857
0.037439115229803054,-0.021018620052440914,-0.2709080258203287,0.07428053876933918,0.4558080161722637,-0.03236116194894812,-0.016762211212176744,0.05778169212723993,0.03816402808139761,-0.020922525751642274,0.035218948416932586,-0.056983179270538184
0.07340504990968998,-0.09555273779747392,-0.23955704645404138,-0.005903617999307936,0.4422509477687226,-0.12581083938575216,-0.04172367328008526,0.0750347729676189,0.05034674156684831,0.010860721560330593,0.03441683034704413,-0.0008691929214290515
0.0879433045507482,-0.0997590938883052,-0.24406518812754452,-0.008062343499198205,0.46100231664721625,-0.1307214237807896,-0.0036513833644209077,0.08669475678987786,0.03858564232415527,0.007286760232083676,0.034069635909955466,-0.002555393583764736
0.14585970561731493,-0.06857885651304953,-0.22208297160837326,-0.01025362770787878,0.48546381810671924,-0.10387905907090601,-0.04903765220354246,0.13043223504817952,0.0861428856643287,0.004446924894970302,0.03402411429081103,-0.0035290743763066513
0.17568486280601128,-0.05124739989795797,-0.20364592208677074,-0.011897650274757622,0.4892173277828976,-0.08639734764349488,-0.008396072603663887,0.18121407670847778,0.09968614301235289,0.002320918725646834,0.03397962308652253,-0.0038731049160175583
0.2500872144848769,-0.02161907860310269,-0.15472503683674493,-0.08207079560711217,0.4930927953567777,-0.023496983756291036,-0.03766051758842727,0.24372885025291496,0.16072641757222839,0.0007975962609636229,0.12656633745535997,-0.0037373306398071943
0.32227779999263206,-0.022283777022169143,-0.1624565053718668,-0.11773260730984675,0.5784262687373618,-0.020612201027350337,-0.052993325771773264,0.26370891818000136,0.16217875607181892,-0.00029116619177145964,0.14047891013636649,-0.003292747495333254
0.4062722397756797,-0.023542932640011886,-0.14131867631240536,-0.1745799797531657,0.6341362867324855,-0.017599853173592264,-0.07226652167818388,0.251625936701373,0.17601359772623254,-0.0011345728869841137,0.1713149046568691,-0.0026985744788113786
0.2633326973284372,-0.025611732785285814,-0.14912174382317372,-0.07848960477368125,0.5164166232581099,-0.014703420844876757,-0.015800884715466396,0.1685411762887864,0.09845757927781827,-0.0019197542543315065,0.10952839048172837,-0.0020782013503416346
0.1670312918173283,-0.028630178145511352,-0.06785449290096887,-0.010964933072561644,0.4463193577098407,-0.01217456906161225,0.01584539012251405,0.08339016960699383,0.037450663433822876,-0.0028126690786052194,0.05538350634173849,-0.001514652781870192
0.08631466633139673,-0.032622684001540087,-0.06521312982352019,0.0638976780408842,0.44344393076387834,-0.010245046258655606,0.028444135794502376,0.005717032671854402,-0.030015430340024664,-0.003951717070502818,-0.007440769653370545,-0.0010504691704441343
0.05031993601826261,-0.037488174963005334,-0.06372007498422602,0.08564452619562674,0.40468452772159935,-0.0091179175808689,-0.007870607737518645,-0.026454948455134845,-0.03931087076679264,-0.005439286831673687,-0.018654509625743936,-0.0006968691483639119
0.0055749194082876374,-0.04300448536819353,-0.06323859536487172,0.11707706758922692,0.36940864816258434,-0.008954811717597091,-0.006019604263982994,-0.03966897919841088,-0.06395775646126942,-0.007342110913158406,-0.03886456455110439,-0.00044862560382713664
0.012065431972037383,-0.14062548489142246,-0.1914373639305484,0.1095430714102751,0.3614529148777865,-0.009875210015524582,-0.01588185978588397,-0.053548851566970035,-0.05224912435415213,-0.009682712649807529,-0.0005471705402500301,-0.0002900915927142815
0.01692390537995763,-0.1505944099492144,-0.20843182195882443,0.11525754208568426,0.38971263450293525,-0.01196023319338412,0.007102685620791908,-0.07464174479223962,-0.06974132238311753,-0.01244065356032675,-0.006567483099041428,-0.00020611397895515328
0.03806743746390927,-0.13028365654619828,-0.18961975241453177,0.09332220636100078,0.3813216666507654,-0.015238250543935157,-0.007813627430220172,-0.06885812948997905,-0.05874569740650405,-0.015557501630199073,-0.012249200672303848,-0.00019320258481266537
-0.009784348762704714,-0.15883186708043992,-0.20175390004409996,0.1276600914658974,0.3487053427553768,-0.01967926390109758,-0.011663123262638376,-0.07877621381840694,-0.07638365773494839,-0.01891802281340988,-0.017475590451499136,-0.0002475396468584121
0.0038393035597599334,-0.13907504227384127,-0.0705094601140674,0.10337677851749945,0.3516543403139605,-0.0251768141710559,-0.04160724783540562,-0.07866985371793227,-0.06405889422951659,-0.047567996780424546,-0.047902086055345544,-0.00036507483600209194
-0.0006083067885757616,-0.16748834118962203,-0.07338439465604084,0.13742868150160792,0.3188706483417988,-0.03153642452003534,-0.02077719425569826,-0.10186911056993908,-0.08778003296477306,-0.07169311734035826,-0.07339735096126423,-0.0005774928520773154
-0.004098376390243325,-0.16570451029501004,-0.07672297056974056,0.13801027824131593,0.28635879258795227,-0.03847319522903925,-0.018731908073139708,-0.10725957533238839,-0.07546203479760097,-0.062480424906775314,-0.06799826396688262,-0.0009232479638343246
-0.006843334950997635,-0.174008440077029,-0.08046200383430696,0.1463026691656688,0.2763633636978433,-0.04562302981120936,-0.00047069783463733403,-0.11792659666060411,-0.09486113336746942,-0.08564116863528343,-0.08670956858500713,-0.0014338675247963916
-0.010905748100971334,-0.15725085397134625,-0.22041304097257158,0.1181076618800003,0.32207290301676283,-0.15953555696469202,-0.026463860441751426,-0.12081330758837078,-0.03189160361175424,-0.07247957417286627,-0.07418832640894417,-0.0021479995348976533
-0.035267270057439085,-0.16319617548324175,-0.22290441693670274,0.12778825766216312,0.28679243826267686,-0.17044819627175933,-0.0210121788415363,-0.12407135421109242,-0.03154379748758249,-0.09238018151493851,-0.09182395662412293,-0.003095178327234805
-0.027899027816095483,-0.14163113932634103,-0.20371127487611485,0.10743491802571016,0.25085185331319104,-0.15555520975036713,-0.0537717804243282,-0.11703028475166269,-0.03115017774396879,-0.07462134516727653,-0.07424007292726509,-0.004282727467968605
-0.03499103306130928,-0.16043751534193115,-0.23764129271038958,0.12064497222784595,0.2775983475019784,-0.18467634871129138,-0.030202227948924434,-0.1272924338371145,-0.030657180215231224,-0.08853666274460528,-0.0882745251839186,-0.005680276003043515
-0.05216037586314607,-0.0570126243385705,-0.2152086533994518,0.0362768500077591,0.0848790684235933,-0.17156079663807838,-0.044223675239330795,-0.11536105770597094,-0.07587057751100464,-0.07006687091002307,-0.07385819620100449,-0.007207431510940439
-0.03736345087352284,-0.0546644806985158,-0.22780268740077916,0.03155482985386436,0.07545479239012613,-0.17625826496136715,-0.016298442224934817,-0.11988031653304458,-0.09267586345328319,-0.08648854684913007,-0.08760762880908626,-0.008721824822802614
-0.017355417791432726,-0.053136360010188885,-0.21943649943215066,0.02708344850282454,0.06770883613403417,-0.1627528388515509,-0.053966203852404346,-0.11273961490870815,-0.06764253902287945,-0.06121652564412797,-0.060989275369872385,-0.01002281764070362
-0.04846858271224196,-0.05249364379999064,-0.19244090111180595,0.022930327589806898,0.061959813667391894,-0.14708219739473127,0.013095437198071023,-0.1042702379961451,-0.07991836614357281,-0.06842353286908551,-0.07240442899716856,-0.010864899410608614
-0.016114318696212545,-0.10187667997121988,-0.1798394463304888,0.0190705575027154,0.05831885945684942,-0.12449852522785845,-0.004358041278732221,-0.07555372427985532,-0.04954566214487772,-0.032151401203388844,-0.036793404392086955,-0.03249315952654001
-0.01645527923872221,-0.10457537649377258,-0.18942360578599304,0.015411064883185267,0.05667471952302866,-0.12547353239484932,-0.06864078799413362,-0.1006945431020401,-0.06799226427578475,-0.04764557042409161,-0.0493963058820822,-0.05327694157839721
-0.01670902940368738,-0.0844272801032313,-0.18251976578773807,0.01183275519791726,0.05672343036748786,-0.105688927930502,-0.07429528818903552,-0.08583866762832519,-0.03380883872294905,-0.011640214323074594,-0.01354270379858802,-0.028672267450096038
-0.01679319054357253,-0.15635271014223673,-0.23413062454772174,0.008242109304693258,0.05804416520205797,-0.16525795348681682,-0.03511951424312378,-0.08225948359847497,-0.06998718290102088,-0.048605472277614414,-0.0548405493285571,-0.06711530682732127
-0.03224802864001962,-0.14194247760642556,-0.20915685047877464,0.07218443790477821,0.22212103554679247,-0.04190005854052645,-0.011003684856415074,-0.07572913452784656,0.008323883436688335,0.014033075732434818,0.012007867527979908,-0.04099428601118046
-0.08579249387390286,-0.18240229675416159,-0.23113371459371937,0.11462719090839367,0.21220343497398425,-0.03690735324781698,-0.00962565445332228,-0.07389671311633578,0.01618125665414242,0.02180448613542165,0.019494133666196033,-0.07821233516334684
-0.016585162476909204,-0.1245163453385931,-0.18233242822895743,0.04905239794119849,0.21703281053713697,-0.03266455437960297,-0.008241445742390937,-0.051413519908929214,0.02337979583060525,0.028518858040534497,0.025846556707619678,-0.010359878335637316
-0.10844468392048442,-0.19723022527330114,-0.23055160900083044,0.12914326444606644,0.2084292488088944,-0.029313982434696927,-0.006952076310958389,0.048424046812466634,0.02944413294216677,0.03371159661782907,0.03056580477672023,-0.11174027521268985
-0.009600968402134341,-0.049775837071896076,0.02753188334510337,-0.2725794514885554,0.07153949961599186,-0.026877476063721942,-0.005853441933618083,0.520687890700129,0.35339345893125323,0.32712389229366023,0.29696526211309837,0.25566613768735075
-0.005525582332320254,-0.046628623353435115,0.23240985028044248,-0.3811810568858557,0.07502154432674943,-0.025258059057128322,-0.005021277456864441,-0.020984886188957393,0.34764219390560436,0.4203011709852229,0.43211265617246064,0.41980886951861596
-0.00026551649668282024,-0.04310324057324772,-0.24243182071885294,0.10583526023299084,0.07911008126371084,-0.02425963022124332,-0.0045025520150538435,0.0238459463562697,-0.09773873016996823,-0.06453229373197916,-0.06231176708791043,-0.07744939867898404
0.006239060962884754,-0.039363496016350884,-0.16498843180393002,0.010626498840228687,0.08397551018652638,-0.023622765634287023,-0.00430484537654313,0.13227199248696958,0.044346305644721105,0.0437844567942729,0.02385416085675681,0.005600276904723006
0.013975040672558501,-0.1134745531231523,-0.14248433068299687,0.05503184695334414,0.1871740720446643,-0.10748199098492678,-0.004394272929033161,-0.002148592156653903,0.03927905990244514,-0.014237442886558718,-0.028298318635768815,-0.031249646860777275
0.022821519741743068,-0.07470708585540912,-0.1232907746950074,0.010424016343176364,0.22524498695949896,-0.0792742158957025,-0.0046937826232608445,0.03957744080022587,0.038935398219656296,0.031927141992265304,0.009370947123712895,0.007457647205217743
0.03251639179705445,-0.08508401431755128,-0.12496386109264807,0.026354550860739602,0.21537067256739045,-0.08866207409543542,-0.005092070858790711,0.007541015307778849,0.03865808399901652,0.003224130760706573,-0.016156746391977693,-0.0188130625870821
0.04263348678202988,-0.05551144543053138,-0.11285478116079922,-0.009634885273135378,0.2542436746669664,-0.06771434229581795,-0.00545125440269153,0.04603219348096616,0.0385800747441416,0.03914430096162244,0.01238791774495257,0.01031144856655766
0.05643029386560742,-0.06536708361221862,-0.035411938913261956,0.0076794258685208144,0.22122083780444224,-0.0179721919244182,0.014823076051482946,0.04018258380095338,0.03345449656143845,0.027122674839630195,0.006259006608491427,-0.0014481520694267815
0.08534972385070996,-0.04205310575505555,-0.03289106286279814,-0.016572147589345977,0.21914765319122576,-0.015796343205554904,-0.025317880492534438,0.0847611064252869,0.07420507002777867,0.027052136351372824,0.0026867846455751803,0.03123030077950549
0.1304719448615201,-0.013846058495231007,-0.030960866136963743,-0.049582204748888636,0.23679281551420023,-0.013474746324268662,-0.059494460501832755,0.11620332599658556,0.0874234855966393,0.027428212333594326,-0.0002575388901118406,0.03902845139855737
0.26668404699207815,0.06241953812786434,-0.02982479562947796,-0.14582754368646325,0.3193042893252086,-0.011194124660249268,-0.05107806498653053,0.19887687385073316,0.14670079302830585,0.027867528582984996,-0.002690122547943965,0.09855940425663862
0.2901233617878628,-0.014626299084241522,-0.02960861091093269,-0.16270192103553166,0.32788361455433146,-0.00913973533864018,-0.0025486273864274204,0.023585123572933873,0.15354663975139643,0.13974598181789272,-0.004765826649744323,0.006330770685459158
0.35218989273176105,-0.014736204912209169,-0.030321326756451064,-0.19991652558924114,0.3861491945537773,-0.007475665979473884,-0.0008191087931504479,0.019758796694761473,0.1648289250205045,0.1613907990283966,-0.006639657104201493,0.004667685517337466
0.2641067222249683,-0.01551245221044069,-0.03184147440821395,-0.14252415813927843,0.3075585102180467,-0.006333458328954595,0.0010814701076894855,0.015360201714456755,0.10101663658108793,0.10924913614885523,-0.008432955585151648,0.0027755757656302846
0.14743634808203288,-0.01681592619894406,-0.03393399534023038,-0.05370459133251429,0.2457316832720764,-0.005810994522667866,0.002971607379297817,0.010561760899890207,0.03689399404674204,0.05736606850553934,-0.010223285004090083,0.0006822712685959911
0.08320217264587002,-0.05203542424400848,-0.10710852952207842,0.003458728364164068,0.23509227339551436,-0.005973254576322279,0.02182153536893435,0.005578013158501034,-0.026233723449889633,0.02025082678997753,-0.026494681987684697,-0.0052318856048558585
0.023067800553914358,-0.07558678085235271,-0.11026311144121194,0.04241109339990459,0.18019656883968233,-0.006861368021171076,0.04808682366696102,0.0006275935977535655,-0.03757372737005165,0.016414717909595505,-0.03480399247791123,-0.020868385476481503
-0.014629161960061893,-0.09120204823598538,-0.11556144266976573,0.06866125445146815,0.1512337431951325,-0.008484110590270814,0.0475279782832379,-0.004101113414888188,-0.05545260557887472,0.012297727760336006,-0.046071397344698464,-0.035883312313681984
-0.0023270110284359657,-0.07734512891968143,-0.10729133313600245,0.05786425722521706,0.14941688009474213,-0.010822665192213702,0.030617844626458064,-0.008476356300093166,-0.04835446889776677,0.008223586528557087,-0.03576871493717823,-0.024752034795182044
-0.0062670793038855956,-0.026215296448841886,-0.10859657959008584,0.06183668964921853,0.07264348679893376,-0.013821031786838411,0.007157369104330611,-0.06681227371393814,-0.06110645119678892,-0.02252240056942316,-0.04090368001136594,-0.010776271201599796
0.0010588212803830273,-0.02819400503908194,-0.11543269349896565,0.06176083841045746,0.0660809791465163,-0.01738119511808954,0.006633446607954833,-0.05014202875952217,-0.05252424941616243,-0.015544332933534412,-0.034272922644924986,-0.013023054258533383
-0.037050308133986284,-0.03021776184515953,-0.1036294868565304,0.08088195834285554,0.06090743187904021,-0.021359301060106452,0.005798328371455521,-0.06416941154118441,-0.06084689077722763,-0.026370846209178202,-0.04735156966270595,-0.015225944381702597
-0.035880129193176916,-0.03229273559651956,-0.08494695132054193,0.07245297310110936,0.05703678399098998,-0.025566275656279773,0.004770477805336336,-0.05251354201050991,-0.05237242763735502,-0.022659394402579556,-0.041968636428128495,-0.0173516436939078
-0.007041009291894768,-0.07856313233431393,-0.04085572189767636,0.06660602827080893,0.15226277033620222,-0.08360627166239565,-0.0007826917161528248,-0.024791911942597437,-0.01758287145645071,-0.004701282968985343,-0.052233839506872895,-0.04663963524744648
-0.015846221753576323,-0.08515236673567361,-0.04019744018055461,0.07332471612635968,0.14626369359021713,-0.09105330106940868,0.011394308700201427,-0.027352369415212352,-0.017372472958796376,-0.005657913412935172,-0.05119990802726207,-0.05120322108964881
-0.046586663484256274,-0.09428088025532208,-0.03969581344190855,0.08808419756857544,0.10357249776765909,-0.09575157241164312,-0.0009648430680596191,-0.029742379124764625,-0.01716837532679261,-0.006306741346636484,-0.06208030130994339,-0.06084784274282229
-0.024934339371524915,-0.08532701851434461,-0.03930860808329904,0.0727756268642702,0.11825743805958497,-0.09122146615212559,0.006036399696582588,-0.03188807055756902,-0.017229901139651282,-0.00675552736228316,-0.0550236811857652,-0.05766529891506795
-0.0077998157871463384,-0.09746654186249722,-0.09830318197831288,0.08738428354760085,0.08931630040743463,-0.09973111081039292,-0.0159355440379956,-0.10734341202518405,-0.017715574077583753,-0.007070594383869106,-0.05964106329113025,-0.06114069397658864
-0.006671494565677012,-0.09047393608409907,-0.1080308179516396,0.06922379787549243,0.1329054288261139,-0.10009961952399123,0.008933729518428959,-0.08894071380798801,-0.018669657031427832,-0.0072563149548200475,-0.05549786387590809,-0.05987920575991994
-0.0054748737016254885,-0.09525813637253398,-0.10335912979159594,0.07484664523070646,0.10800459473559795,-0.10188488585853488,0.0055048095422161455,-0.09802528891384141,-0.0200273155768366,-0.00725559972819622,-0.05378199254802258,-0.05395912070018141
-0.0043570456078467715,-0.10488944627169315,-0.10970458237525291,0.08251038726071364,0.10456733513539204,-0.1105002178307118,-0.008367394507690598,-0.09274386741464269,-0.02163266244444966,-0.006956790569209391,-0.051647194330243326,-0.05425699419822663
-0.0034197690341120266,-0.10100796910726245,-0.09864756837529215,0.020451928949184496,0.029548760438974565,-0.10380334014039502,-0.03080996308978495,-0.11275999089908005,-0.0782745231285838,-0.04129018526530459,-0.014380325566073196,-0.06010422551762122
-0.0027185250857663943,-0.0871604061915121,-0.08891233819066435,0.016240503665704255,0.024478744832359907,-0.09143470884165597,0.008727012817838569,-0.07560761948183926,-0.07063522682757727,-0.02998711977899369,-0.011308768951338548,-0.044808149086773
-0.002269898573055219,-0.07743523122149155,-0.052249636958169615,0.011686359922276129,0.019371590880217514,-0.07060248690493333,-0.023327633741303554,-0.08963590286598108,-0.0770419382104102,-0.028903083793216527,-0.007873366001156602,-0.043487789862678455
-0.0020513157044854706,-0.04454112112623845,-0.0322021046128025,0.006780750052702775,0.014412789646808187,-0.04188947895546059,0.03838041046739639,-0.042262304004243995,-0.06156428544937879,-0.014141422411799425,-0.004052902681395638,-0.022915188490946425
0.01630636233134432,-0.02089877712930368,-0.011822244697900434,-0.012323398087757285,0.009739198716809422,-0.016205925646904325,0.0005313192885895569,-0.018440911751501074,-0.06698313151362884,0.004069273612361015,0.00017706624221045832,-0.012468424446001974
0.02577646656625893,-0.02723395395237864,-0.00485169827168225,-0.014763237202671305,0.005434589280352859,-0.02354358130363623,0.0010122789002000583,-0.013261991863014742,-0.059414716809845836,0.008731606006735037,0.004807519849413954,-0.010206642222321035
-0.019912633447848046,-0.058541269965195965,0.002353644314096327,0.017704936511415928,0.0015378560221042696,-0.04619662808220845,0.001562995820790108,-0.007961978556908928,-0.07193061184568088,0.014025145897510862,0.00976544371435844,-0.008157765947816786
-0.042087329318061945,-0.08420408839380797,0.009473745974513748,0.03846576189871751,-0.001946105224336026,-0.06800399799116393,0.002205533918736157,-0.0027653040206996283,-0.06906575481444246,0.01966131913307618,0.01488837256707216,-0.006375640658697434
-0.008932480930606067,-0.068937865392995,0.01617679920442936,-0.021976615440486597,-0.005026314224174624,-0.0540211927568449,0.002964696991263469,0.002138721293020193,-0.017878732156588747,0.025265997195250724,-0.025197333588573817,-0.004868090393249134
-0.015887775922796214,-0.07188625113763022,0.0221523945727478,-0.02752800408483778,-0.007711509426681159,-0.05205773304608569,0.003853335197937291,0.006610975394932193,-0.014732166860475241,0.03042489304738856,-0.00480408595677248,-0.003591929507332489
-0.06768980520440901,-0.08576584997130658,0.027148223377517742,-0.032404698655699254,-0.010001965332536104,-0.05208353683402407,0.004861109645011767,0.01057026056426389,-0.01136545895442509,0.03474148377937768,-0.024903831906219018,-0.0024543033993999204
0.0990210197930073,0.023650873069458546,0.03101077889283268,-0.03638164378174928,-0.011881562396602636,0.04040158094923901,0.005939997150901198,0.014002325392423428,-0.007850223243632375,0.037904438959320524,0.08163401940794006,-0.001317344419698927
-0.0004863253909245264,-0.01413765183498456,0.4449886645834391,-0.5393613997834631,-0.1286149276745776,0.4739426812663213,0.007000255480663213,0.23385092709821553,-0.00420909566569279,0.5397408968190416,0.5324533768771851,-9.11602214678656e-06
0.0007907510231400326,-0.01176472798374817,0.09488530915506743,-0.07984074304935483,-0.0833203356395656,0.07709113735850301,0.00791052895345419,-0.12884349915135895,-0.00042037537157023916,0.062480725974113735,0.07713537290368269,0.001660829496135715
0.00254965575851136,-0.009540862626513033,-0.06500338446938625,0.010248942063342537,0.1203272300471632,-0.05268476268410192,0.008514842359437929,0.17160341211278862,0.003561884539091551,-0.003992589816810971,-0.025007989998394806,0.003874166326089741
0.0048449580187219145,-0.007530470385614817,0.04891586324481847,-0.02849840794264176,-0.06372020881641963,0.03252203316368686,0.008655223962271068,-0.009757392737544147,0.007775356273842889,0.029158812526647218,0.01808164804715951,0.006775132851390013
-0.02330429649280329,-0.03126767825689974,0.01799868326175151,-0.044943092959435535,-0.016731432478469636,0.011240846441474106,0.07924785833361328,0.026123488754377668,0.01221433836675738,0.03591189538854438,0.0008781112427174095,-0.01762902971621313
-0.03135191598948274,-0.0015166878399871346,0.06981861014981704,-0.046447733070418204,-0.09901109707037352,0.050870657578993526,0.011753925948821957,0.028183631745050612,0.01679366370970359,0.03355847967695701,0.018204992906604413,0.008360187584854552
0.002095905940713877,-0.008474799815054293,0.03820600186967234,-0.04850998473514624,-0.023609106221551487,0.03572182505693633,0.07276172072602713,0.030098707341747223,0.021328919638919197,0.031191686964014528,0.008708661270307755,0.004756758970692387
0.0032997552271094854,0.012478317870950197,0.07193513086369743,-0.051077673948802575,-0.07003210156831018,0.06364438738166767,0.01749207909774797,0.031693262914855774,0.02553475040373383,0.028918173669571758,0.0285477979038714,0.028686760055160687
0.03855704485406853,-0.0014209590133902065,0.060226584108843934,-0.0734426556214021,-0.02001843142430897,0.06442045463649672,0.03326046811180313,0.07543432456671514,0.04577177060744239,0.04473715452219744,0.021799725740440926,0.03580567839824978
0.0778960635409159,-0.0008925731575084631,0.07730955671335898,-0.10595697261184053,-0.0064728592282089666,0.08873380054155594,-0.023002566160245742,0.08714809639870615,0.07684020675683417,0.07126690143672365,0.021775071491839392,0.07183322422017463
0.14951924146176054,-0.0005260656791010875,0.09533309154901401,-0.15905357426572037,0.0353063247704172,0.12199556872521974,-0.02701983581581469,0.1704873731230418,0.11381337510363636,0.09640211340785346,0.021930079670374157,0.10428780810769893
0.2146678590793077,-0.00028986079691714617,0.13686313796305088,-0.21881692375477055,0.03789210564694997,0.171770124898666,-0.0720540979790414,0.19332544092092735,0.1524908657538566,0.13648472535803513,0.02190846848148638,0.15873889666523788
0.023719879285497517,-0.00015574156041213655,0.14073899700211343,-0.22263082102381848,0.03546195813588029,0.1760038688237145,-0.06316257710678494,0.02702707068923833,0.1530504059869729,0.016345483805256807,0.15082831768368463,0.1754565961047712
0.021260322355607902,-9.700194053247752e-05,0.15846337158703502,-0.22594285933856734,0.0017567108482388558,0.18818859758445786,-0.06881926405426944,0.022809023285281234,0.1309753716217745,0.012940957135884244,0.14549922916425428,0.17594700993564533
0.017768886589820357,-9.062173071286433e-05,0.10919796075897775,-0.1340327898187561,-0.033908246883414594,0.12133033950587996,-0.005767103131921915,0.017749392670922917,0.05616320198395123,0.009281638484929685,0.07850475335024809,0.10325473291188693
0.013537757184215127,-0.00011652192127451611,0.07999896178532238,-0.06903332533438661,-0.07075926392848893,0.07712193636066086,0.0011520801920542785,0.012159175691148136,-0.002325386754064549,0.005508031185621746,0.02371236343519413,0.0524336623253088
0.00889167519350624,-0.00016040952552955003,0.042371707493221396,-0.03027854144784283,-0.05030829877095358,0.03900047190444343,0.018121437721143323,0.006393289573947594,-0.03662751825318815,-0.01989940229163897,-0.008723747347234294,0.01356646202971578
0.004135094852455086,-0.00021031425136451185,0.03691859603175644,-0.019188153088626328,-0.056602953509760356,0.031239867902025188,-0.020187930948913378,0.000811897869610815,-0.044933584596583746,-0.0256872529387939,-0.011074156361999082,0.005969967962196732
-0.00048480142450339466,-0.0002572470144045311,0.029033943928387134,0.0014857374855331423,-0.07194333155639046,0.018013051312702318,-0.0049533532335442765,-0.004257910476112663,-0.05315228151284756,-0.030220769861307336,-0.017313551054134534,-0.0012477574225996865
-0.004803599252490001,-0.000295758791220753,0.04820515510077432,-0.008200577322293998,-0.09866316417993655,0.03317812159155623,-0.025536647183807538,-0.008551931119999221,-0.05169736527482495,-0.024875133929769443,-0.01366648658553074,0.0023532975690519417
-0.0544212589289996,-0.0051409186158840525,0.01932979773091817,0.007181761595790589,-0.10928250271410747,0.022801737533961527,-0.0026845598742619697,-0.058014017019368626,-0.05793089915280189,-0.010945396232115916,-0.029103293190918034,-0.01789612271974509
-0.040045359151141484,0.00037884795961610573,0.016683559414134966,0.0021870814231188303,-0.08910975568263471,0.021107251701398162,-0.033079393885428146,-0.07834875294712329,-0.05156345811528813,-0.013525911536644623,-0.02341025669354515,-0.013251418040593451
-0.027203942442530073,0.00015653668279098974,0.014735384557211463,0.0007383803122797683,-0.05911803754074005,0.013197668247609092,-0.015424454092368157,-0.06487136972215829,-0.0569608332683086,-0.015938786680493512,-0.030026644958380175,-0.024464830117835915
-0.061222885950607916,-0.0005062696422870601,0.013475183846694617,0.013004084104401684,-0.11561789419712608,0.017881093538123557,-0.02128377794896802,-0.07792206887340611,-0.05866617520729718,-0.018216200755166376,-0.030448493676849528,-0.019257271343664048
-0.02154417569906362,-0.00029248685635994005,0.028241866891357964,0.001629863245378383,-0.03597578831653281,0.004851530312420013,-0.004978910620463467,-0.015270963705358364,-0.015604049973351639,-0.05156278170718977,-0.01178462865691203,-0.005463365276441404
-0.02436634637391865,-0.00022946129358500267,0.03696212903175146,0.0026636441302029788,-0.03555330995189304,0.0033062417236909905,-0.00464207337776683,-0.014301271657868875,-0.014003233561485785,-0.052956817531822284,-0.01269085770916649,-0.006461673264986222
-0.027105886572366573,-0.0001231345261988803,0.013523513063896554,0.003266988712819524,-0.034968673227059266,0.002228308181296891,-0.004448952519263528,-0.01307517090995273,-0.012244074312275251,-0.06373946127977831,-0.013311379184590202,-0.007255550884907282
-0.029712609661055,4.172451156557024e-05,0.0301515982541177,0.0035902666366167306,-0.034249006386468245,0.0015769103162320336,-0.004461926357158268,-0.01184672692999417,-0.010590705318112624,-0.054212924612617626,-0.013703387804357212,-0.008006319808083537
-0.09692105962675124,0.00028413022847816375,0.022799855276473893,0.0037307911990211284,-0.1064709698312773,-0.00901773176847136,-0.0047387082321784894,-0.010825652743562767,-0.009232013969899389,-0.06640469603985975,-0.05105317093774403,-0.008810134467919228
-0.09469204971714308,0.0006232868014216188,0.0317888936876602,0.0037372741672087964,-0.11263759221975074,-0.0015348852950098912,-0.005324251737546555,-0.010145622301740397,-0.008273350496802495,-0.05775995790533302,-0.04142243059635506,-0.009689654986730722
-0.0969719781248582,0.0010762005671058,0.02162026159555195,0.0036149756998255325,-0.09666926710121578,-0.00981364823795008,-0.006233415498133142,-0.009837831737683805,-0.007722826499087358,-0.0675214914406356,-0.05046812842628601,-0.010587520636596936
-0.0893710425388689,0.001657829701318043,0.03939446196602742,0.0033397066106669467,-0.11267551938978318,0.0068870076162071,-0.007441976448278419,-0.009820496681785938,-0.007495248059024368,-0.05510715853405222,-0.03726348422907985,-0.011374425264179491
-0.09475394251748415,-0.016073214853494194,0.027301577826709528,0.03432862964583603,-0.029263466088716227,0.0044049394087646195,-0.008879127389433009,-0.00989596776248465,-0.007417153216573564,-0.06754249742582251,-0.012013060993946745,-0.05030846745731546
-0.08489679630489327,0.0013831246319120803,0.04699795649647999,0.01861358394335498,-0.028636201253336758,0.006276724343093924,-0.010432047446251643,-0.009774153105201872,-0.0072484632173787315,-0.04919717076677865,-0.010523232304113398,-0.03722730763203455
-0.07708191526982827,0.010674132997812152,0.055593015079964433,0.009939017642683871,-0.028538360910201545,0.008637312379413018,-0.011953591010885363,-0.009119509916109568,-0.006713248190029511,-0.05141646579435742,-0.008412014796050983,-0.0421448101696132
-0.06491096422354616,0.04445740700483334,0.09943721059709854,-0.01779861188241571,-0.02913889149366338,0.011500001872529243,-0.013282694613272937,-0.0075999061462271675,-0.005545854406124411,-0.02974735633450866,-0.00557769178646233,-0.01579619289996283
-0.014980787834141078,0.006855673195505026,0.015168067726155643,-0.0015248613257701632,-0.030538343294121684,0.054700166774738615,-0.053716359668405295,-0.05607746541740362,-0.04377343267890386,-0.039418233431265576,-0.02479763464276594,-0.03042329501112046
-0.03697570103807799,0.00835977942562189,0.01404365094238749,-0.0032275914872990042,-0.03275495913028029,0.04976692909634879,-0.08871555296694864,-0.05875494050995321,-0.027630389770250157,-0.017337095922989133,-0.0036373339708912975,-0.010017709862634911
-0.07392392499636702,0.009958366903946135,0.01297787569464071,-0.005077193100105649,-0.03572256392861829,0.003174162038298775,-0.02990911476758465,-0.049449562880459826,-0.05599918496610522,-0.047919758015058725,-0.03907991982424075,-0.049263713093374524
-0.06750073999121087,0.011577656653942874,0.012171189974656618,-0.0069987020234499485,-0.039316107203186186,0.0285377075783172,-0.07644309776906916,-0.0796525779944702,-0.02986064426510387,-0.018827294195170242,-0.012154938038542958,-0.02239847378024994
-0.11147378633249672,0.013120232051999572,0.011814966895076849,-0.008923413298454315,-0.13902272925189654,0.0013840573346672602,-0.013121254652712673,-0.0326702536042979,-0.05392973308853821,-0.04554688825773897,-0.03893219059851659,-0.04880293160231121
-0.0700504632471162,0.01447521546149261,0.012068990163263484,-0.01080795952256881,-0.1799682816199844,0.05349233904699291,-0.011679745005561943,-0.07384972374700415,-0.01041629584791183,0.0027741931485341306,0.006703362502495563,-0.002116383099150604
-0.07441197891620482,0.015543040426129313,0.013034916714075254,-0.012659641160402819,-0.12052354036738233,0.014355109536504013,-0.010003025267461631,0.25446782222045733,0.004894329196547795,-0.024730232933128038,-0.033427346208778755,-0.05019958081099864
0.4645882398590636,0.01625990180248647,0.014744986389457572,-0.014549888124627007,-0.17043073385396657,0.4577247385087668,-0.008249428589531278,0.4518236251195279,0.4786967011145118,0.4713109469567998,0.46522828427600244,0.4434233799269733
0.18005777545081136,0.270571052119897,0.017159861919729236,-0.2516943614198846,-0.06187096287496722,0.045991904684123466,-0.006569772822945863,0.03801168574269891,0.16097581113195675,0.22631724121076363,0.26061751964371394,0.264652668844747
-0.05990207238862648,-0.06198870066363575,0.020172743173869093,0.06145540019126828,-0.06650270596514322,0.04857063885960189,-0.005089503501730255,0.04126440513996816,-0.07591129528918347,-0.06914750283285481,-0.0617606948017527,-0.06605537233866594
-0.028627532473744582,0.04066800705927249,0.02363066216318112,-0.024601862604945596,-0.0708225295854922,0.050821461242806246,-0.003898018794401624,0.043881963101757224,0.043853672180016276,0.04292352706258279,0.04017110082474181,0.0299081580519849
-0.07141311384723387,-0.00044998747918106874,0.0273579012187143,0.015505373863985088,-0.07456314563137122,0.05283557113609741,-0.0030441022309579124,0.04622586621808348,-0.013708150300909938,-0.016178702979843557,-0.01268895244831314,-0.01908117595874642
0.025266084998941174,0.017064866433244542,0.1153393819710053,-0.03052763270829907,-0.23133685809905993,0.1112258739643938,-0.010672940580634838,0.048639875949630755,0.03621508237665668,0.03677672151297032,0.03554560245664981,0.033427249548979104
0.028565586368326363,0.01790946418972405,0.10268657151447423,-0.03591419434578033,-0.2577537662438667,0.08671210077622307,0.017855633921158326,0.05133680381157502,0.007708665398309729,0.00430702703980268,0.03599734337297915,0.013098018572357283
0.03224532410735658,0.019369123400441845,0.13164701971135734,-0.041795355340408416,-0.260232848479843,0.11730479056808667,-0.00548283778309034,0.05431955423937995,0.05052297047563046,0.04459778425157487,0.03682835877748532,0.04686072617658683
0.03604931139720398,0.021448740097096533,0.10598641769855527,-0.04773270756004156,-0.17076157213829457,0.10826409322027442,-0.0003397363214223039,0.05735665900415919,0.04534668769420437,0.033348917114528816,0.03794840650665787,0.04008497086323704
0.041119829526733875,0.024026042587842023,0.04472205229049889,-0.10398026767533182,-0.22580930242250774,0.14278140975984108,-0.0028208980194226367,0.11465003399642323,0.0885128454825452,0.07135529785437948,0.07521478081930577,0.08375881958502358
0.11308289484905326,0.0268624519595523,0.047198608327455115,-0.15007293851761916,-0.15353652071499357,0.15805529932133702,-0.002979130852402632,0.1801313498316579,0.10564946867735386,0.08071440138119969,0.08845691086717927,0.0964090838897731
0.20371528505334524,0.02963748002115555,0.04914785123032361,-0.22875522099128337,-0.12623907058435163,0.2143490319080124,-0.002953307707410549,0.22606666042423568,0.16021677512225363,0.1361401611130144,0.14501490065176076,0.15406464965367267
0.1974092388334498,0.032003709397084454,0.050488784352990444,-0.226148257863302,-0.1273652739815177,0.21081619926786263,-0.0026629864441093934,0.25550707016464114,0.1632501762459771,0.14092057763368426,0.15785884726974436,0.1764297826839289
0.20886083335245223,0.21969267517424168,0.2282171450925561,-0.24598400050668168,-0.054673891013670116,0.05090590453747185,-0.07065566354497109,0.2251828354356517,0.16674044665558974,0.1545720394144175,0.17524628882915533,0.19709460421800118
0.12343223637866901,0.1597241518104997,0.1873789506047398,-0.1732935958868031,-0.050687567470447614,0.0474038724514749,-0.024813349529211055,0.14545620984571614,0.086681030565705,0.0839689101817894,0.10746042152384139,0.13120752420884813
0.03677735434921795,0.10342957006326728,0.15240737658686868,-0.10238578018595762,-0.04818214419871484,0.04375977805898203,-0.0019373124519339654,0.05861313919518492,0.031445856006214454,0.033619764014373124,0.055908570353233975,0.08029711375263074
-0.046202666087869756,0.045757749994883745,0.11281064893557938,-0.031596025908809645,-0.04742518953498342,0.040249464599235917,0.04211750751684596,0.005677373604623781,-0.023611694155384222,-0.019029092070906067,0.005802006730888119,0.02311728091996061
0.009618953148847496,0.0499596356763073,0.047110018874580654,-0.037423977890573445,-0.04845101608925602,0.07055957577076839,0.0009424968971091128,0.024370148168864014,-0.02463882445640429,-0.022326961568993026,-0.0029002799898236557,0.016674825582269306
-0.00045742326066785643,0.018981679111818923,0.044828682137150425,0.01683883242366839,-0.051067634898720946,0.05545248045297757,0.02393132611118169,0.014121173440441228,-0.04707096553130635,-0.04710034086479432,-0.02118046670299657,-0.003465494030363732
-0.01039200686940938,0.04230499331703956,0.04229256527264553,-0.014735354261534286,-0.05491419973961347,0.0687987761186353,0.01165943118098121,0.004048792855970778,-0.03428861942908107,-0.03735528159133514,-0.013166820472571636,0.006081900440332494
-0.019638751844897218,0.0264425345690304,0.039617008916196954,0.006585647069511737,-0.059539720510290994,0.056750046539644716,0.039796302719252497,-0.005441747648360357,-0.04383893173209382,-0.05157455930161747,-0.02993413852058008,-0.00865516620936634
-0.07808001910791687,0.04281721425197035,0.11025673145796058,-0.0051724922964152195,-0.21615333714569673,0.07380148813027476,0.006837369929495705,-0.0585316921094744,-0.004592085831900664,-0.039040932949066784,-0.025451975801822395,-0.0036028474680922474
-0.13394102510649944,0.020738416348348696,0.11062869893208607,6.686521375640292e-05,-0.2722827877462817,0.06227850987494239,0.007421230804252946,-0.06473555801279389,-0.005919437634599683,-0.05600981845575941,-0.04219558755534175,-0.01917819856033766
-0.11701943448554622,0.021825622076518482,0.09981771267616296,0.004357300445044052,-0.24402571054980138,0.060725191310704085,0.00782556765628496,-0.07675893473962744,-0.006507320019570511,-0.04901369233219109,-0.03612056806354621,-0.0105734555679083
-0.126133223947998,0.010193992734416964,0.08696976159137582,0.007795700341968587,-0.2402995817700578,0.050276312099846086,0.008071329086463366,-0.07675753288094926,-0.006635418251775681,-0.06844834642301877,-0.054460432383253335,-0.028453498037934413
-0.10086765767998862,0.006863846896920263,0.02731656225513723,0.01989536491916396,-0.08319283134072974,0.05542088252552256,0.03058431404031095,-0.08197254900416115,-0.00657841295855554,-0.05819699968848367,-0.049609281780212,-0.026722111261110463
-0.13320651103848835,0.005329879786806309,0.025851945846892852,0.045006147313497294,-0.08777997621440714,0.041270209989688035,0.016342132679197485,-0.09684278381138556,-0.006574864335874155,-0.07582478623498654,-0.06401941046802404,-0.03912720783324373
-0.10178839812886575,0.004195146305994909,0.02505731100068146,0.023391257688641413,-0.09270198270367849,0.05661357482188603,-0.003471605523816968,-0.10204496060467899,-0.006807609493084656,-0.0648837138805603,-0.05722257357436282,-0.0225042983526618
-0.13131213434366035,0.003452299389668655,0.025044016052108847,0.049598440684925485,-0.09807354382263568,0.03954098372598011,0.031481139405955316,-0.0896959401915026,-0.007386928048279595,-0.07983322955798358,-0.0714719992453166,-0.038541843946687915
-0.035535717442297096,0.003111366016280894,0.025844480465004507,0.034761249530205235,-0.23813232187977676,0.046642474368414594,0.02228390380015189,-0.09768934912358562,-0.008353780466088657,-0.06371847277408706,-0.056195733019237415,-0.0085543245929593
-0.0321608831957727,0.0032069016133384667,0.027387360031350765,0.04016632519198837,-0.22993512264044041,0.038618954708598066,0.04193132299727052,-0.09378043307986972,-0.009685129970258288,-0.07764705058453261,-0.06720158317263136,-0.0075495451560236414
-0.028966215830011632,0.0038011565171265833,0.029485908354373494,0.03625649060024745,-0.28353481923250134,0.055583994739693235,-0.0017754667011245402,-0.09222023394143261,-0.011307127464408153,-0.05846881810980839,-0.04959018751326085,-0.006468048986488133
-0.02617700976024697,0.004985523512271155,0.03186230994666376,0.05182773517302805,-0.2831982775596704,0.04091724676430056,0.019936129257067593,-0.0850809810244024,-0.013108246013408133,-0.0745771595079923,-0.05799147907241485,-0.005414742298115895
-0.023880138609092643,0.006872081893100009,0.08457171814839631,0.034720948900212954,-0.27393575514005997,0.05177438586495255,0.007856621610865344,-0.08462999533707126,-0.04445254591405219,-0.05218508320794153,-0.03543586593796117,-0.011014527247574804
-0.022029261612556496,0.009576271601548551,0.1108208318031596,0.013383705037963286,-0.3026212387959014,0.07656196009397401,0.008722985722502243,-0.056025825112785026,-0.055302764441093485,-0.061396871581413506,-0.044094032037702756,-0.017229854205720447
-0.020469047709497208,0.013197665250696104,0.13499450673957322,-0.027552238941360933,-0.29719871188493563,0.10879389077416216,0.010143041844378368,-0.04741924169405694,-0.032532320158402094,-0.03517302604015558,-0.015471107499848294,0.009819650820635989
-0.01899364440466779,0.017775268516300506,0.12928693081871465,-0.031758754048146993,-0.28608106089505614,0.10886643922529998,0.012160941217769696,-0.04599275387055117,-0.05123829908576884,-0.054750510634677174,-0.0291496346967347,0.0013276392886656082
-0.05593240433229236,0.06380009938058964,0.12628918711981563,-0.026507370941914174,-0.2958566765990344,0.10701677338450752,-0.015822545944322457,-0.048584065895437234,-0.03224289408670026,-0.03641364431912178,-0.010502875533467824,-0.003037303943020072
-0.10461636825654212,0.009004306188807307,0.06418788177057601,0.027745370400102817,-0.2538175702380932,0.05078054807663898,0.025364507171231444,-0.04438873723949135,-0.07203016693760222,-0.07792573281185997,-0.04894249501744157,-0.0033362932241022794
-0.0731162653941631,0.03612197146360296,0.07537470905102289,-0.0024182015554313208,-0.24010652089029683,0.07314981217592678,-0.011219072699157416,-0.05378001951098715,-0.0427863131769668,-0.04630065681703882,-0.016721065755903358,-0.0038237589748268785
-0.1034839108769164,0.009155111629431126,0.04376350664489387,0.02656088573521554,-0.22254214841935221,0.04563441249470562,0.06845107770577691,-0.013646059499661287,-0.07548747701961628,-0.08409696238430334,-0.04784473059497425,-0.004397571228001739
-0.05386698267544133,0.06519637325617814,0.03503430415899769,-0.029292660776166192,-0.23668581490589835,0.0987064580998015,-0.013501132850437518,-0.03388185901911612,-0.017901249996000602,-0.024192012716342574,0.005206921227539706,-0.004916806980085126
-0.12288628533101466,0.009225742061704525,0.03596443207540145,0.03248347830908488,-0.2265075990916784,0.04632426276155065,0.3819547132139687,0.22894401280965482,-0.01577919989709332,-0.023563119063716526,-0.05760449979820513,-0.005208286291717078
0.3874676474247039,0.47146615421048843,0.03829537343705608,-0.4596076551195862,-0.2722502568172158,0.4749615069762899,0.10640694756147388,0.4961331778611664,-0.012931098337395506,-0.022797464587713867,0.42929067341107613,-0.005080302031573506
0.15249574751641792,0.3523929528018734,0.04221168926362444,-0.3009135685652248,-0.43834754585952895,0.3899771275682308,-0.31560597825282033,-0.05213474991942332,-0.009294686413017145,-0.02181870575825929,0.28124297681933613,-0.004343034996923487
-0.12785802559199105,0.06633766329414104,-0.002700880738015568,0.054859467012876584,-0.08590824204984424,0.009877593141284502,0.2343943451952516,0.1576965763146849,-0.10864423996305989,-0.13686980612250388,-0.08198203924774919,-0.09416992105645192
-0.04942471087428488,0.06841683984058082,0.1371991093094961,-0.05653024221503136,-0.07809305163739394,0.13641070969470018,0.10266582139316426,0.10118637325119423,0.029224218903163193,-0.014160156238438321,0.02568830118398787,0.008265059477691655
-0.09152344646078561,0.07020064469380255,0.12116950784653303,-0.0197401031867339,-0.07127127837246085,0.10812670705945157,0.13046336733006644,0.04225913690503166,-0.03169826133460514,-0.0738702405346783,-0.025302099998006998,-0.031810767790892695
-0.05325815929835463,0.0720637016712994,0.16953769564449167,-0.06189201089915771,-0.06586972479334435,0.1502359268207734,0.06628869162088347,0.03848244703791631,0.03096457011768318,-0.014591337756885257,0.028368563305632248,0.020319314217415296
-0.053356574200764464,0.09381698241178901,0.14943212197150452,-0.04778992073208798,-0.06216770441429627,0.12849197753588942,0.09543254510128923,0.05227292466522375,0.008354756751798684,-0.04582513176130876,-0.0018420860130404573,0.011580929316271787
-0.023633676810984123,0.1318155975979658,0.1961476552695574,-0.08291433009133033,-0.06025600330266109,0.1673474841020245,0.04472806514232377,0.05815272046715903,0.05307545203399855,-0.005431964888147218,0.036984203946683586,0.016543764576836505
0.004342928306182471,0.13422963489987888,0.1878111703697945,-0.09159754976356055,-0.060040964992881425,0.16296294918081894,0.06573523915829473,0.08690070296687956,0.04675050236595583,-0.017847976405248257,0.02618506822681791,0.021391993212723
0.0010782047113373945,0.15815904215596815,0.23267057157262439,-0.10651264302886146,-0.061271189388455265,0.19308603911941336,0.017444998449218232,0.10612635677375142,0.09587850743658508,0.02616133522755729,0.06292160063341742,0.025685899904593124
0.04608306379569595,0.17756971587124865,0.23706753533210168,-0.13227554331354927,-0.21697202578784597,0.20494795594979023,0.017209868284133387,0.16455343760572555,0.11394389574804861,-0.003962408109152323,0.0730990977586776,0.08109357629005251
0.10378000772113564,0.23427474595656353,0.29027738297013417,-0.18957375208918006,-0.23713510640176738,0.2591738197146374,0.013936877701074548,0.20324732651677535,0.1716223370541537,-0.0028134979417177427,0.12680122726661083,0.13856363398497645
0.1789646136164346,0.27153711610191317,0.30015180861128227,-0.2379771066280695,-0.1800850119772452,0.2846975091017451,0.011049684905371424,0.23844666399197756,0.17986244263770756,-0.0022754160596953924,0.14796991196082568,0.16416387353924167
0.17749047387782313,0.2814128657074819,0.31768103683005544,-0.2437018983411985,-0.20722487484126656,0.29696855178753173,0.008652548067555667,0.20720806717037227,0.183256488442973,-0.0023871311526836468,0.16396813350625974,0.1827461825908261
0.11471126395667997,0.2275003103021663,0.27601265334114283,-0.04666430598274517,-0.07694891017194654,0.24738186821189,0.006799250730715394,0.14739314993099176,0.11000954813552419,0.051843074213079834,0.10310161513190982,0.027486810177677498
0.03800089497483801,0.16386482822043585,0.22780848072685456,-0.040930044684061105,-0.0798221901869958,0.18965423215371507,0.005492007778108864,0.0660201078580218,0.052491566783068405,0.0059373267530241115,0.05197935813595389,0.02347192184948069
-0.040384845373368186,0.09434934133424946,0.17119024102708397,-0.03446318697554914,-0.08201842320302069,0.12525891546902168,0.004692504638944424,0.015085627165583468,-0.005047126687777757,-0.04365142410309511,-0.0019516609502963009,0.018504594982483365
-0.06397032533748491,0.09337361270964079,0.18441471484058497,-0.027699291734772726,-0.08331883446077847,0.1303702659505107,0.004330823069574054,-0.01974413114668542,-0.01073223672200075,-0.04205982622139469,-0.009739936207240042,0.012965180526642544
-0.1331244811752782,0.06713671751625211,0.18799639381859265,-0.021059026899155283,-0.3091458697647605,0.11616572725507612,0.004313557601711471,-0.02923990146679469,-0.032532034848256716,-0.011488431546418416,0.008276450547633289,-0.015189941941296447
-0.10300031265561807,0.07904129035810936,0.18419924551390096,-0.014890457826981668,-0.2729660314521276,0.12247643726675203,0.004537676130282683,-0.036806035575469805,-0.02501724650826978,-0.014420954229214156,0.0019008193682707095,-0.008561858557104184
-0.13224315030522465,0.05515270608002319,0.16407828873541563,-0.009442891230901144,-0.2694369236836246,0.10078039897508972,0.004894285506469802,-0.0417481525205239,-0.040720194645426616,-0.01744155940574324,-0.004198934051670499,-0.020414805515617453
-0.14436284349289197,0.06606600066624886,0.18577907995745738,-0.0048517188041579725,-0.31052155416391847,0.11648180842980528,0.005293612794522425,-0.0570429540062976,-0.03132803862666009,-0.02040094747081695,-0.009783708140025792,-0.009072809009880403
-0.13296904030343565,0.05267676932008697,0.15407905170413566,0.004307633450724035,-0.07510055802824181,0.09650686122590225,0.03337195713546828,-0.059632842982811685,-0.043014734994671996,-0.06886561476611663,-0.05074806173553181,-0.032547022027735226
-0.17191847685075878,0.055306794751348434,0.1800239562777331,0.012309462436586304,-0.07260079147985758,0.10893619256257497,0.0038581507829552972,-0.0633531351373789,-0.03631753247626941,-0.057352688106004523,-0.042250545088478864,-0.0267664277665966
-0.1585459489778973,0.041076480077324624,0.14497977075358204,0.017025488407218792,-0.07123600425900876,0.0868412503919748,0.03505806353731272,-0.0751165483803317,-0.056199089342109515,-0.07557918133233169,-0.06658169890765803,-0.04682498829946263
-0.17048514094349432,0.03389970793103536,0.13783900156451775,0.02470133271178676,-0.07166580717963894,0.07958626238136429,0.023241768566548256,-0.08853198348097421,-0.044373996543605826,-0.06753001358397083,-0.05756180471772126,-0.042891961435440995
-0.15634197556879553,0.03227729026518853,0.04926579876659885,0.020337278202547174,-0.07438440414229479,0.07183297669814535,0.005949472080807241,-0.08412600144351408,-0.013224860554926549,-0.08485284483801162,-0.07792158267194833,-0.06463830251936295
-0.12465936965343166,0.05359051810364016,0.04499352783262428,-0.005801457573215565,-0.07961088808646236,0.08731713387513321,0.005784742166678576,-0.09238168539362329,-0.012006464528360971,-0.07566299404510343,-0.07124756195993254,-0.060635181304833634
-0.15666585724005605,0.019387179980206483,0.04210010813090692,0.028270320228334048,-0.08725937613066956,0.051233209951086774,0.005614261991974262,-0.08140043210367925,-0.010619853323426541,-0.08689754122625937,-0.08087640364353883,-0.0702459002178118
-0.16160041687303706,0.026133284821594008,0.04080752786972578,0.024425071075486617,-0.09694296417459869,0.057975821642223146,0.005495371043020581,-0.08644188859116402,-0.009157367028006756,-0.07199831535821866,-0.06658154959452203,-0.05747171743591534
-0.1642409935135018,0.0177097775098708,0.04121579906745166,0.0025796515341441873,-0.28585434446765756,0.02141644858004046,0.0054859763549212626,-0.028167446192822847,-0.007623382029240751,-0.026411602320097614,-0.023743589257698577,-0.06370140409650651
-0.1582537329697896,0.018793986341159735,0.043287936039023485,0.0010156836028900173,-0.31476849638392784,0.019255108589414493,0.0056360780749317016,-0.02570234500185812,-0.005933891664196711,-0.024724069614272915,-0.022162936799119178,-0.04661409121352254
-0.14100217106365295,0.020456396409061755,0.046852080753881295,-0.0008453707065681204,-0.2728017722574412,0.018046498894315907,0.005988001971750048,-0.02288665677681005,-0.00393422968557554,-0.022727232625971365,-0.020245335604356256,-0.06100866038243485
-0.12296461318934768,0.022698249779248697,0.05162957793282079,-0.0030265883813932887,-0.31104338074503923,0.01801171905093067,0.006576718722300411,-0.01962219712053027,-0.0014277758535574492,-0.020356396999785902,-0.017957689751765125,-0.043136659745126676
-0.1364714776818938,0.05861124622555397,0.16672422032087597,-0.0026981545895387784,-0.39126124795169503,0.01931532645028925,0.0560917008120532,-0.031358112058349846,-0.02745200161607093,-0.05563284934178498,-0.05184766192140163,-0.04151851853997368
-0.08060397853769156,0.10068110443188674,0.20127556327595594,-0.048517536978173105,-0.39544867140691464,0.022036256467796844,-3.988076354270731e-05,-0.04554706758437908,-0.00801895702870694,-0.03557693560447155,-0.027361855933632905,-0.024701958041601232
-0.0663316153899195,0.09182627458934967,0.1838343787977472,-0.04456385666609326,-0.3627467929567553,0.02612761758843818,0.020500185662805637,-0.035371459444101604,-0.012278013355419937,-0.043277923422906345,-0.030510646958007606,-0.035805366502830956
-0.09111530256216244,0.07130942176753417,0.17392113940792364,-0.01993373085443959,-0.37716916233658615,0.03139640754864415,0.001603806472685397,-0.05362969210446407,-0.0011627466708355391,-0.026348217263246737,-0.019023663914974266,-0.015850337957835525
-0.013815292360741548,0.031927244411265175,0.10852782082294506,0.006882497912594612,-0.2770494883510669,0.04257753475772817,0.0176241879538461,-0.029548345888904006,0.022550051341154346,-0.05551093686420535,-0.0525144479817813,-0.04409055504075167
-0.005033599512110787,0.04692449303158163,0.14495029532108905,0.0026207135074635818,-0.35037951993619654,0.06790398658650067,-0.05423745070013192,-0.05413676275998562,0.02881785200999582,-0.030661418400141544,-0.0305748205247871,-0.029413885180888114
0.0029237452070682516,0.020559614039711405,0.11749599665128299,0.028409859088531303,-0.3343184234717266,0.043811483982067335,0.04787717915299611,0.0024729984987880704,0.034706475302257636,-0.045163555121148675,-0.04366001442246448,-0.038734827013817294
0.00969240229748904,0.05308046899235101,0.1514769835264031,-0.0014575449992120931,-0.36674934267043746,0.07972187602096134,-0.02238196345609153,-0.04646749941765898,0.039726170347869474,-0.01727812119604641,-0.01605965072342041,-0.013662218642855932
-0.022615356683801567,0.07527352413625563,0.14104732086865832,-0.03661962388580066,-0.2992495694683766,0.09159058916962183,0.45011597581944024,0.3574968956605216,0.1025486304523056,0.018032154969876688,0.0042864574825598745,0.002610180317848619
0.43685549846797334,0.5596551270607902,0.5859630167916408,-0.5281418203602607,-0.5096248535586976,0.5631075691350995,-0.11220933430255374,0.3646247009661335,0.5456524553257549,0.5182073317742364,0.505369435565063,0.49170710070473284
0.060659986641865775,0.22145255001392583,0.30515649346703333,-0.16615589340672499,-0.4736553271867941,0.24911729666074758,-0.24868696360399756,-0.08663569030847815,0.10054559856507012,0.1277099979302792,0.142986724910742,0.16463319414215402
-0.08733150715742677,-0.003053409205679744,0.04905698477148418,0.04367802691138939,-0.25630457769293474,0.013296855333449514,0.26721726443434596,0.21432368727266007,-0.006234117612074944,-0.05347797245842066,-0.06747299255561715,-0.0513167453635467
0.02260459898129613,0.06301143858308929,0.0727079878809417,-0.024538555748994773,-0.4239160554473057,0.06276801939097593,0.01811613484217199,0.051224188214864436,0.048691382991159396,0.025846146154165195,-0.0014750221281643189,0.015416099776254619
0.022407849012492622,0.0639913223975958,0.06822856923304763,-0.007531434672680762,-0.38037441337568034,0.06047233126858968,0.017410703922381972,0.07585001943400199,0.020847659159674542,0.022961431838800454,-0.02694541781173959,-0.0027520512063500813
0.022043004877625783,0.06544246971525108,0.06486884624585787,-0.03179793388701204,-0.4481133128925645,0.0576934084244647,0.016602787877351904,0.02889609127761722,0.04147168039223856,0.01924747508905832,0.006906536371785808,0.03246227498396385
0.021697095228248912,0.06751315294294044,0.06313632789177737,-0.028980178427161277,-0.3867549366420657,0.05476116233986869,0.015772560946322286,0.05374335235684522,0.03413191788471508,0.015087828010689407,-0.012328064293979066,0.02280864306482029
0.021380244205420867,0.11641392153845759,0.06326717999771833,-0.040703419861588236,-0.4113005730208018,0.12414917613799209,0.03997015591596843,0.028560522876304367,0.05102283008043892,0.010801074211962483,0.0064731845564609865,0.04240510416929479
0.020925051668181795,0.13742943362017315,0.06517565791829963,-0.0643288098467952,-0.3689368366613165,0.13253905986523798,0.06431134614163789,0.07337122045147161,0.057056377572368956,0.006603237294362709,0.0038945206551964534,0.04209301694929129
0.020027168345856675,0.15754354964003786,0.06846583239526977,-0.07909989102546383,-0.37588143645837524,0.14756968473078122,0.023912202044035782,0.0759514757089553,0.08168124454785658,0.0025988102226388384,0.0019168403025392306,0.07008842273369634
0.01832327338619287,0.17916561483693805,0.07250298683309286,-0.09964327422113914,-0.36271946978109626,0.1623250674225821,0.03646863064144261,0.14569659682161715,0.11535166217861462,-0.001202864865984139,0.0005027975658541666,0.0972521146211508
0.0968934635253128,0.23667858790215437,0.26866549392810324,-0.01646743858896589,-0.37259553667180373,0.042907825702772635,-0.006982981128904234,0.01905134998841989,0.015108341346275849,-0.004853663722672496,-0.0004647347804655358,0.14574729279457416
0.15084438236746245,0.25715612077382655,0.26685403035033134,-0.013927272039129756,-0.30391563173777447,0.04127066178383132,-0.003205331556828034,0.01471512627877234,0.01142440389917836,-0.008425669717451125,-0.00114547961536181,0.1732846879379194
0.15044207106763985,0.2575158628586964,0.27059535288352393,-0.011293427016301474,-0.29542285624480347,0.039870158331203484,-0.009942384381132055,0.01016620511494965,0.007668590623980846,-0.011980441156141193,-0.0017139017452935253,0.16918313930069173
0.03609168073377641,0.18538658396888696,0.23725106702688759,-0.008598262289477555,-0.342834748790698,0.038714119852514425,0.04845562363469984,0.0054448384524671345,0.0038990268524573845,-0.015542778603920686,-0.0023332479721151806,0.10502089422997059
-0.044422029151553244,0.12432093742832405,0.19908331742858487,-0.038831865518478156,-0.3533080498454767,0.1211565603139743,0.056608018985147515,0.0006301196000985656,0.0071049593633902295,-0.025553923241506186,-0.003146024792547307,0.043645804836253715
-0.07230007214467571,0.08227906598768606,0.1559264510800279,-0.004819479619093925,-0.3080708410740676,0.08357316060322345,0.05429939471661198,-0.004165582216308693,-0.02889041333226296,-0.055264146923949674,-0.004265394866046414,0.00256902611251289
-0.13198782270215934,0.04841927714718417,0.14662097849185318,0.03293766602814242,-0.34354413030876546,0.0652650750476236,0.028145751743932048,-0.00881057213439289,-0.04183952827642566,-0.0734243479092116,-0.005773027717749,-0.010049743463419636
-0.10362843751286327,0.04888894128664461,0.13257919566772117,0.019185922518238776,-0.293095714528398,0.06641014026989368,0.034161554056769364,-0.013167457881176209,-0.04184404061546971,-0.07323621594106673,-0.007712397805243922,-0.009925923153838771
-0.13818973264602616,0.03285701252542432,0.06337276643352832,0.0038613677514971593,-0.12488460943897847,0.07107765834435917,0.009378396525559309,-0.06511967885807282,-0.012996985137183118,-0.07681226752906288,-0.010089109109275298,-0.009820061433483207
-0.1491719927502645,0.026116723872644174,0.05884281700477566,0.00591779024474179,-0.12233569548956197,0.06737035532594288,0.008145858758173842,-0.04915813393541134,-0.015883561605180962,-0.07445948299072384,-0.012860579118165853,-0.020815149259888057
-0.07519076831060631,0.020309854655113747,0.05498507081402634,0.007827220327982576,-0.12161047343869555,0.08181936641563956,0.006874924918162915,-0.06775172865595594,-0.018668213043877734,-0.07507963823329515,-0.015948372157606777,-0.029593691499003864
-0.06792131692452308,0.015501900238217065,0.051927385101097796,0.009566435118606605,-0.12262853504365145,0.07780409744612815,0.0056509252809917,-0.05382527191315335,-0.021337219458982155,-0.07373003760547467,-0.019201554904252707,-0.02356522024797427
-0.027751521418747975,0.031075966916529175,0.12829576085042757,0.019155516911038298,-0.30672693700300707,0.07507724760582601,0.004545980502389508,-0.07554955482349324,-0.0566630854643439,-0.07880236880504507,-0.05649143442427034,-0.012357589532351144
-0.024392567906070955,0.028206580867034092,0.12304699802868105,0.01884935008830433,-0.3001564919875902,0.07248659033120136,0.003648885839502989,-0.05937597302977993,-0.05741375198831692,-0.07979022474207795,-0.06714517820495439,-0.015304855787334938
-0.02086237619907531,0.007776862436265373,0.12437091193724845,0.047190003083571214,-0.3506840755936016,0.06149533248610711,0.003003679811823719,-0.08733068954869802,-0.0714216320913425,-0.0884761747808516,-0.07284382493550778,-0.017953540096817676
-0.01759182902785229,0.008172393175550576,0.10495424768814904,0.036070030426166036,-0.2962605681317869,0.05419575744989361,0.002640313115588207,-0.0819782408785521,-0.07013806584608115,-0.08674628394784441,-0.07201818091194523,-0.02036457405685542
-0.014902771089856527,0.0025704877535131622,0.0950824664415261,0.03975448997912433,-0.28588392918356154,0.04663027653292764,0.002573072716250032,-0.028991574842824826,-0.07742408643444798,-0.09268977527349832,-0.08109719101758481,-0.06066724777084597
-0.012993942023099,0.001309375447669555,0.0933200926046801,0.032057681878737844,-0.27317708325176226,0.04847744034336908,0.002808227385808793,-0.029014243727351226,-0.07129757859488017,-0.08433483583219611,-0.07633764153144648,-0.05731203316544217
-0.011927057726739857,0.00030618911706165974,0.1010643334405277,0.056470568758522424,-0.3303931963167742,0.04257405259258121,0.0033539227804057553,-0.028980959816281446,-0.07879207447260418,-0.08910437082512572,-0.08341689264180702,-0.07036155565448951
-0.011642475254688407,-0.00045909222448740233,0.0950029085983584,0.04999519166874827,-0.3083085816844774,0.041953939679702824,0.004228727529658892,-0.028831922510663882,-0.06776948913948404,-0.07641457707613117,-0.07363742219413491,-0.06805094964836851
-0.01197511102034463,-0.024687852526202106,0.03808741981401673,0.01262817270182569,-0.29398736976548223,0.02556229904216631,-0.004425461603774139,-0.08900847634800199,-0.07699571765850158,-0.08633126438420365,-0.07656166696886854,-0.08038958693550646
-0.01268845795620519,-0.020139861690217524,0.036939774147270996,0.011161307383271774,-0.28306461675800854,0.029611914344755838,0.008254462439406045,-0.06603626947411104,-0.06332917778172337,-0.07228978169812954,-0.061028989291630704,-0.06947542625203905
-0.013503813674891962,-0.008353067449262015,0.03620851987634985,0.009288340147605628,-0.2947046795750715,0.04333673251324923,0.017964999730037966,-0.077135515422622,-0.06322867535996098,-0.07431531094283847,-0.06027701687746191,-0.06414518435105188
-0.014151359385262057,0.03247169713777047,0.036001393543371375,0.006955213370077761,-0.30175556292362754,0.08349897179664906,0.05527030617561185,-0.03759573462429992,-0.036110095782590196,-0.049855961299972,-0.03354775996476396,-0.03531758179716234
-0.07196899323810349,-0.00048336893197984277,0.1411033432716099,-0.009364033346449398,-0.10281430538894618,0.0954881285234461,0.03652892253693432,-0.07799668329700113,-0.014780904855045879,-0.02001541657063045,-0.011482614939840667,-0.044858331230344585
-0.038819713137335246,0.00035236573109042766,0.11274811924598024,-0.01956824885482021,-0.09706421174704796,0.08333634902685741,0.016629466561831476,-0.05015750924276478,-0.01030016142004764,-0.015943847852297775,-0.0055670545220596925,-0.02820092064435704
-0.0981809511299767,0.0014618168453877384,0.05192231302148543,0.04257728850296023,-0.09268711971080987,0.0216679602564748,0.0014892222732709876,-0.07264890917245148,-0.005655783241950624,-0.011889339168364568,0.0006076884846581403,-0.065771352407799
-0.09085655042404986,0.0028073827028216453,0.05291398135451587,0.0352746597670865,-0.08985060903556558,0.02572200200615367,-0.012155143941991388,-0.05012968271367297,-0.0010074911865944327,-0.008003356950170801,0.006733541941297934,-0.05206619263182421
-0.011087116772267286,-0.05549000492807904,0.04296918683085779,0.0665016227040309,-0.1690555019233676,-0.0038999535330033336,0.015430906524652538,-0.05666574811618412,-0.059287978555205983,-0.06785196153606475,-0.05137161312872608,-0.07263460105723084
-0.009978886901321135,-0.00731047776937491,0.045247367508908405,0.006841285385545001,-0.1415914220760015,0.03745160779603047,-0.005313828946232321,-0.026056917160657136,-0.006277503557873137,-0.015223631001023172,-0.003901113509926196,-0.02919846378978244
-0.009268355867468572,-0.07115907625749458,0.04742967631704906,0.07961916136515518,-0.1794462176810403,-0.015147969480875573,0.20199080095887756,0.02914643394129384,-0.05009700334309276,-0.08240341420484695,-0.07228060372024356,-0.1068170884146882
-0.00912497744388558,0.23970518545240166,0.04937198677465558,-0.2578206813344589,-0.19173209414515574,0.269606140701976,0.36952724340884535,0.48047182292740914,0.31172238606218217,0.2456039109097485,0.2491110048518856,0.1952015897939008
0.3102672941141159,0.010800552323697322,0.5260999508076203,-0.44526999816340096,-0.4655768646257965,0.5002854683567883,0.03568370670847537,-0.029422921160580748,0.017983523666639592,0.0037597352292114868,0.4546266878583798,0.001153276247536722
-0.09687782914220244,0.012332584226610153,-0.01635241252780563,0.05662409906506492,-0.07250739893213577,-0.03230038105385051,0.03454895531175628,0.03321627541798268,0.02082327517125546,0.003994047364836556,-0.060220945965882414,0.0046646386831564884
-0.0444151527806888,0.013870580327204956,0.04962150804450513,-0.00801026689635545,-0.11186633570050196,0.030485906013763504,0.03263199038354692,0.148988353765583,0.02362371472922477,0.003592254642707388,0.00604437154476356,0.008123243118857927
-0.13483078819952116,0.01546557755984318,0.08073161333180527,0.03181503789375398,-0.2365745353665254,0.027863750373509022,0.03027358610580305,-0.013014726841321038,0.026566261599809585,0.0026976589985208475,-0.036711546238920215,0.011590039961926191
-0.06236651927215948,0.0163850102966368,0.0866811730815558,-0.032036659195914516,-0.17092769620085285,0.047333397851099177,0.027848105012071727,0.026242874509568484,0.03648739245938386,-0.006063871745215505,0.0021841797363421067,0.015115634668304012
-0.1161217286098785,-0.0029889998101369913,0.09043694023197207,-0.033262404277369415,-0.22035437079552103,0.032496745666934286,0.02570146061158642,0.02479780565484642,0.007963559316426616,-0.038628520252882916,-0.02718129007252354,0.01869667735467055
-0.049433129627207736,0.0305395705510087,0.09721419330711947,-0.03475261125781084,-0.16159530606063172,0.051623444980634245,0.024100651771543368,0.023383422486266934,0.05448371573889488,-0.0028278302060501218,0.010101318133731385,0.02224156937910029
-0.04346854593472909,0.01759322840973187,0.07245518108581106,-0.036372689862475605,-0.11365917164893065,0.030286918022353455,0.023205066789403695,0.022148408392927983,0.04344287334093782,-0.015130412237189831,-0.002281481795051273,0.02555614924524206
0.0033837431970074675,0.06405708643094385,0.11306013628721728,-0.07149788591269078,-0.056466647515328705,0.025868701093002683,0.06729836925972728,0.02106945671312243,0.09257333149300181,-0.004257850418380679,0.013031193179610526,0.04523147728944056
-0.022816863788921858,0.06733514992459687,0.13518013540648532,-0.06593049262886344,-0.05082720031728483,0.024362563247861367,0.06743185532516535,0.01996738884901586,0.10538032713058207,-0.005750739413765927,0.01353798162735805,0.05517950366565305
0.06493289160429666,0.12555951273095917,0.16703703045976712,-0.13493597955242098,-0.045837460562691404,0.022827417784398327,0.04505200555520042,0.0185578522704304,0.17019833600530992,-0.007376158281163985,0.014228603778317622,0.10821178854002034
0.10249092742119711,0.14399080247551826,0.16944998353155222,-0.15886187142836083,-0.04162254928975828,0.02092862041778972,0.026195852176859522,0.0165261744935825,0.1828260033486044,-0.009221393002715239,0.014711476404563486,0.13258569747839508
-0.011116426117508928,0.01965832006367634,0.20972126495660082,-0.19353365784142354,-0.13547461528892524,0.18000313781524546,0.009129819255690216,0.18560701146789652,0.20155150557354207,-0.011353302856236439,0.14794150729829675,0.16234385587037053
-0.014483999826614238,0.016334326014073506,0.14701967485903528,-0.1477707504634932,-0.0717181537458591,0.12636841632670512,0.060025281267076895,0.1127642476567808,0.13118967868569759,-0.013800495692707259,0.10506446174614294,0.12029389774491582
-0.019021492412435025,0.012158672522925972,0.08644585025408977,-0.06607170212115246,-0.06983133848598835,0.05940149354915665,0.09550760221630375,0.04968989239228301,0.06129867924080872,-0.016543438011819053,0.0455298934149542,0.057434539862155895
-0.024419035265274575,0.007306586003744745,0.01761277980140901,0.009405261847712093,-0.039685989426870016,-0.009760149180536262,0.10882444622870943,-0.02398072121330874,-0.0069709230295482705,-0.019519656719376034,-0.012030038000176855,-0.0012585047341055512
-0.06998968885868616,0.0019774780753683014,0.0047384254479759386,0.029993504323233673,-0.045092890357079043,-0.022288992607911173,0.07845290240874547,-0.05106814364741627,-0.02278685647923704,-0.057329473719473875,0.004716993726078906,-0.01689076889517113
-0.13609609935924977,-0.0036299982912267326,-0.014677980546537052,0.08202188013727982,-0.08445999208933815,-0.052595375658667815,0.07527690656595458,-0.0718967226944877,-0.049958545471563295,-0.07783315638305813,5.9516616411530235e-06,-0.04772250238007459
-0.11283313502597156,-0.009335158908328702,-0.028925694905469125,0.07646104758643005,-0.046850531210681515,-0.05566308521491025,0.06637251500899062,-0.06759581252135854,-0.04325579685346267,-0.06529007818749066,-0.00520780586061762,-0.05095883688619146
-0.1348436285278806,-0.014979019437026642,-0.02676331696622861,0.09059700203309179,-0.07393008663065098,-0.0581072376975247,0.0677056346165272,-0.08119399567464651,-0.060701426238703796,-0.0773653769945053,-0.010656409921591673,-0.06037969655507197
-0.09895277160131681,-0.05806496103753857,-0.0349319232762729,0.07450556302349083,-0.03137657890509834,-0.05367601453801732,0.04607020660051088,-0.07272399154812845,-0.05384812699657514,-0.06661382812242181,-0.046361777797813496,-0.0510755783848755
-0.12368329825795607,-0.06794830769616117,-0.032760291855002364,0.0902658611582817,-0.05965843245274716,-0.0573862453674287,0.03720811651574098,-0.08252560935239345,-0.07218049480285207,-0.08111398323383809,-0.06407707542239524,-0.06513325561937736
-0.10923221365242805,-0.055058119429782754,-0.01983662536618028,0.07673905693927782,-0.06479518370631449,-0.042869814858109374,0.01655470535752929,-0.087878450406985,-0.06498523199533301,-0.07062260621348271,-0.05827434018583304,-0.057773452137633456
-0.13069580090778565,-0.08060379226075583,-0.042229200150065406,0.10238280209235194,-0.053237550486520346,-0.0651594296638152,0.01479668789443618,-0.10593864884079152,-0.08123143342000472,-0.08418618681740368,-0.07478087262189206,-0.06890881541106196
-0.1062964624598133,-0.08519149938618129,-0.06183167352672392,0.09798375875983063,-0.015885859512082653,-0.07314291576678886,0.007453712661641477,-0.09833363838186636,-0.07669952851689589,-0.07821812921428303,-0.06736446048644726,-0.026420228269872722
-0.10800311659713276,-0.09193670985317406,-0.06720375585101626,0.1029579858540072,-0.013697304605030651,-0.07717517004801372,0.008734389467950927,-0.12196928085785765,-0.09186211375530345,-0.09516723313337119,-0.08593084535643407,-0.027414516534586122
-0.13652200920603114,-0.09847090030264402,-0.054671880632107546,0.11588112922822316,-0.011663109381579752,-0.07404933335066398,0.0022730704360255476,-0.11588209982966641,-0.08357004493982684,-0.08638286594260394,-0.08266326463086979,-0.028160434278350164
-0.12706931651912567,-0.10642976184099968,-0.06988284221940223,0.11810023365559286,-0.009840907963165184,-0.0827308499971863,0.0034508451212486753,-0.12325939132520886,-0.09911132114720006,-0.09960204191361419,-0.09915263850407843,-0.028682206810458223
-0.10221353066643454,-0.0934071672603845,-0.018014726206920947,0.10071471370965149,-0.008244948498045935,-0.023525551009806325,0.0014416941584150292,-0.11069966991587367,-0.08636324894956661,-0.08831070917349762,-0.08763543928786796,-0.08104139844138004
-0.11562816906354395,-0.10802330628019916,-0.016371583755791192,0.11485410732400066,-0.006844038245995459,-0.02129126621155117,-0.0002880607130202533,-0.1280231936317322,-0.0979069474670481,-0.10025720012092419,-0.09710230261899574,-0.09050433379689696
-0.11922916539155978,-0.10289485469206557,-0.014580758774016229,0.11186658147181341,-0.0055714767545572245,-0.018861511995979303,-0.0019546750961183467,-0.10656912423824534,-0.08069501241784813,-0.08606174744156847,-0.0867960528336379,-0.0761618399000803
-0.12807810647771484,-0.10775894151484666,-0.01278500131766523,0.11792475784352562,-0.004340448484789563,-0.016288856132790765,-0.003596884450058443,-0.11544523671568166,-0.08893426667247942,-0.09317672378085329,-0.0974751420478203,-0.08281921204599914
-0.1031161969718632,-0.0883115257792446,-0.04810453670291176,0.09566982770419544,-0.002294364814729829,-0.05676794290310978,-0.0020621230355608103,-0.028456585480173373,-0.06808294427196704,-0.07676984782969881,-0.08367231942828185,-0.06641264112586642
-0.10428564938034579,-0.08730494750799198,-0.04586521250185331,0.09492856544625093,-0.006638737999709951,-0.05473402312913338,0.007649446033604571,-0.021698496172788764,-0.07435037577904924,-0.08302789111022468,-0.08824393772969177,-0.06324804489697333
-0.0764387392993609,-0.04001432153553527,0.00831626533944364,0.0513943509269029,-0.059612426503854524,-0.004256735608065682,0.01380050236118436,-0.014528299987225471,-0.04583538295225648,-0.05765629813762297,-0.05965233156130351,-0.036069128751605284
-0.03434401273404661,-0.0212417748010773,0.008147149747947644,0.024248628875649214,-0.023305951781728448,0.007629979403589294,-0.03447486886343859,-0.007155728704005726,-0.05457900152464233,-0.06439501580597844,-0.07272891757543475,-0.03231399635722371
-0.030889317181503447,-0.032349241604129324,-0.008259756694976687,0.03050752576472894,0.00709176837169067,-0.0013788640038320476,-0.056355737896878685,0.00019357935689981193,-0.006158414617547787,-0.04120416133070323,-0.054455953376452496,-0.007229921218863945
-0.09220927090463243,-0.09037104497965415,-0.008952915102017268,0.09049416120082339,0.01854448499597012,0.0019173267717819296,-0.047316849473442724,0.007263153636201322,0.0013116749928966448,-0.06497608830060245,-0.0866603452271851,-0.0016062535617926148
-0.08655631652143132,-0.08930855552393618,-0.01026830606128045,0.08701552606262423,0.024805841967242268,0.005089244964557414,-0.05283096465857257,0.013771794122332284,0.008704434273103223,-0.043681729273669256,-0.07627868951859099,0.003992687080029644
-0.08534545854904534,-0.10442816562652614,-0.012133980811640107,0.0962269282681713,0.05739107523204783,0.007921684687609173,-0.03179456345599302,0.01942419553253103,0.015586059705975971,-0.06526066037731822,-0.10291382417789693,0.009199008445325138
-0.026422924158416954,-0.06356694227921202,-0.014406343708814846,0.04698522257245279,0.0757954620046502,-0.051760038053864824,-0.004576829045526734,-0.01721055932502253,-0.0018705899003951185,-0.015010679010159903,-0.028771766102984802,-0.014584420756687581
-0.09056850188908538,-0.10197582849151905,-0.016869354329407275,0.09345113883557667,0.03678289019265688,-0.08436042803573268,-0.0018427665958818667,-0.019996834517576167,-0.044960556693130274,-0.06672118977063221,-0.027081482360498274,-0.07889027689222641
0.19073017282773233,0.1251252876077687,-0.019253164652658535,-0.15875225384304203,0.06249186716379166,0.11596004995517478,0.0011404609127134112,0.47338140418535907,0.25029071910775313,0.18435761656502045,-0.02528572563810566,0.1340356485138614
0.4638516005077603,0.45836519470781245,-0.021261715298888168,-0.48463064514600135,-0.16164742835832582,0.44723772052528954,0.004100875832963933,0.06485962188247932,0.44029160774005627,0.477346062715695,-0.023259964163702622,0.46878796238104087
-0.018877996681399015,-0.062381417085285315,-0.10464698220646546,-0.022430098315902553,0.003691367581708984,-0.06492995774176463,-0.07573213759032142,0.02768754371810832,-0.05896913131207869,-0.03921798433801351,-0.07031468008176037,-0.028090307195853842
0.05394003272685467,-0.0492781488917263,-0.13495096598209125,-0.022842177455949856,0.0036311901179605643,-0.07165961781351657,0.16649699830128892,0.02544637361584206,0.022836124857000817,-0.0011634088189508632,-0.058739972567922946,-0.03253187798604027
-0.01178987871158508,-0.028934945160835994,-0.06147589659993932,-0.021753082882641554,0.004025844062263147,-0.03409528265879805,0.04425469214163517,0.022538790687496663,-0.01521761194411922,-0.015817258563740194,-0.05765576520374223,-0.02842033732432911
-0.03444543217982858,-0.028550387318924918,-0.04688841568978251,-0.01957745369035979,0.004954260520141255,-0.03189083920562027,0.05432582120394121,0.019377423872439667,0.010930550888125626,0.004592776541903154,-0.036361296664146975,-0.016022704248656164
0.019075536641124397,-0.027363502078781195,-0.049050936537415914,0.027333514365043658,0.004634025891613526,-0.036071758432373986,0.008069776969464018,-0.03493308181089509,0.016458772554284386,-0.005804951694298316,-0.04031841755120927,-0.02386107593205917
0.01733592835829425,-0.009920156659520899,-0.0533452491895042,0.003970462159023112,0.06335053143233152,-0.031057393268130545,0.03197962463551382,0.018869848444493444,0.012580703047955404,0.011023525584928154,-0.02115606580646206,-0.011742687963108699
0.015938292354847873,-0.0010883207099456546,-0.030775294738723848,0.0054931498828382705,0.025649738342997642,-0.02053790746290916,0.003425880798359513,-0.013466591910179557,0.009143331585529503,0.012989081273852607,-0.01269554328988654,0.0016195942485302678
0.014985078397272986,0.012611550844804625,-0.00851103218687024,-7.646323640945682e-05,0.00029332422008303966,-0.006467553732893224,0.02353636339448796,0.0528323074332899,0.0062985011998553785,0.03989116171764631,0.017086785704670718,0.023261803177710257
0.014401615830278738,0.04005235076792191,-0.005023162837854387,-0.006492790074048076,0.017598345230974588,-0.0023359120245566873,0.0014718805425010684,0.008723490457499067,0.004084046238127149,0.05243178448572892,0.03525760210928405,0.03589046852179276
0.013974784101587385,0.09173206340876155,0.030542230835043205,-0.004466122797597655,0.021379161051490164,-0.0017794740312741357,0.007984463058058649,0.0076523775906077555,0.0024475157268438815,0.09851854279578107,0.08431180380710307,0.0781022234369932
0.013417552258426457,0.12332688926599758,0.04920875509609415,-0.0023070330493703203,0.025341794848907,-0.0011344561363414605,-0.030043083958174097,0.006468877837542902,0.0012781647981413382,0.12567533105313608,0.1205809307990814,0.11342022152927611
0.012440888009591587,0.1502949921170475,0.07669139695483831,0.0002485271485382929,0.029319346323190044,-0.0006268170668602751,-0.035746545328241945,0.004910397412451691,0.0004350388184746353,0.14497645439184914,0.1497033235523621,0.1465135506443698
0.18189090551316886,0.12261445788454362,-0.006330179514059522,-0.12810109917675896,0.1146417478895087,0.08745937057766333,-0.027835539903253916,0.11106859962954205,-0.000230449322325515,0.10599904469605065,0.1217944753385186,0.018906986141341973
0.07411510140951032,0.042343719232797186,-0.00963855486280231,-0.03787261671217581,0.08467525384807595,0.02353811837466209,0.01968771269984372,0.04752298430483272,-0.0008635445647596616,0.0409048072998799,0.053461683283532874,0.01712811376058846
0.034674563792722504,-0.014183737534477471,-0.013810278835922216,0.014263681974655367,0.12918569295235885,-0.028094001260472453,-0.012253311097992369,-0.04113402395493218,-0.0015991633219518,-0.0179792554202311,-0.0002880358808873412,0.014553509709821864
-0.032489755168597666,-0.055954844294354725,-0.018460651720914052,0.06368881137184765,0.08779531093287526,-0.05436112179547354,-0.008634962230450322,-0.056437133488904494,-0.0025616520444940063,-0.038790069380692384,-0.02235370371754169,0.011314844639257637
-0.05909361845158884,-0.0793113661251062,-0.08714678868976583,0.0868302121420895,0.0802179105350368,-0.004478822185576561,-0.02727755174159526,-0.013653036993105064,-0.0038628035956077634,-0.05188848716339824,0.005729794316872113,0.007559020198598211
-0.03804244046927303,-0.0800056564997248,-0.09807410555367638,0.07900996115575187,0.11458239153229341,-0.006811251154127637,-0.00217485814296417,-0.019515340137553978,-0.005598672154129968,-0.05248986589211833,-0.0005428896693147845,0.003415863845106722
-0.03953335218308354,-0.08099342019938044,-0.0946854033337358,0.07857394954525906,0.10649658826204914,-0.009678020392372089,-0.03211174764225097,-0.025793649983080834,-0.007840922310507177,-0.056983309754545915,-0.00692451017399832,-0.0010203284453675012
-0.06589756116430259,-0.0890840856250559,-0.0865641786296725,0.09125895553587803,0.0673352487862878,-0.013072625074717166,-0.022066135982454892,-0.03227287200329025,-0.010630405724747504,-0.055496674660210354,-0.01317221047148937,-0.005692494321822008
-0.02067770679707034,-0.08159376331323309,-0.10296857209597766,0.0705077690439088,0.13263063024972035,-0.016960697398269324,-0.04914275230494183,-0.10816920480341055,-0.013954940718879646,-0.02089366770520803,-0.05592774396755573,-0.010558048022236085
-0.024688725095403215,-0.09474963029088221,-0.0783460377667954,0.09935105540703157,0.032681894788346294,-0.02124921351204643,-0.041242309886680414,-0.09872674312845056,-0.017734180790483885,-0.024185836838532798,-0.05652023247204598,-0.015561890658713537
-0.028347972217588367,-0.095628410028062,-0.0873575342959937,0.09582477387929196,0.05333276130925361,-0.02580196276355149,-0.06514920555473999,-0.12695614836668775,-0.02184469462078913,-0.027123816048253084,-0.06765556856381927,-0.020647405336610247
-0.03157168391294257,-0.09940659779492207,-0.11103449145081212,0.09009297577672763,0.10882856195894394,-0.03043286811842923,-0.04271061661318716,-0.11575216321667663,-0.026108912749317953,-0.029809925199267416,-0.0738942413811287,-0.02571155499222183
-0.10731837785489728,-0.1088434573039647,-0.041268548568672875,0.11266857894742827,0.023785432303636667,-0.09435937264277565,-0.06373739560293108,-0.1451502120858589,-0.0883485424245245,-0.0805929942691756,-0.08404811081765258,-0.08569633672381796
-0.0855976947166256,-0.10500363099398227,-0.04231284358204516,0.10201854697662446,0.020650605159055018,-0.10178575604575309,-0.04822619201204269,-0.1319021185931307,-0.08907249660019581,-0.08526588374121719,-0.09128210673738207,-0.0913876998817002
-0.11613454773494863,-0.11761217304106261,-0.04365869547268747,0.11960747303845898,0.01816764726077127,-0.11564816224463326,-0.07481702254896162,-0.15862786522895164,-0.09845521694202505,-0.09146733408358447,-0.09930385886043364,-0.09983816566395967
-0.1045146041920284,-0.11567482165528091,-0.04533188300722723,0.11362798507650157,0.016587588682906912,-0.1223273332328548,-0.05345964112928677,-0.13058508170827818,-0.09544545815543817,-0.08758797576764113,-0.09911481654457743,-0.0994646995708823
-0.09868847741896328,-0.034183290065475845,-0.12364404281018923,0.03276019029887658,0.016125025776914555,-0.12189890552207149,-0.08081554156525274,-0.16446765927045828,-0.10525090895757402,-0.09199902032859036,-0.10411132903550034,-0.11099165664686478
-0.07904351984711182,-0.03047343738202465,-0.13450499695808962,0.028778687697272622,0.016945757073449287,-0.12433510347052837,-0.07058111678953785,-0.1376382611724834,-0.09884546328152159,-0.08654726934251858,-0.10169164406402006,-0.10996224289093473
-0.078940770612086,-0.026561801049769164,-0.13373625814541829,0.024500526015499756,0.01914336341918289,-0.12249562068323444,-0.10253277427541267,-0.15594722055478422,-0.1046094653339528,-0.09257087120793284,-0.10251355525234915,-0.11350822730757718
-0.07380039060709051,-0.02251634703802001,-0.13517504345203762,0.019994481452887534,0.022718176893911965,-0.12015544120061508,-0.06409831372958416,-0.1186399785587054,-0.09018706645847756,-0.0834764102713606,-0.0903069531944482,-0.10687267937827573
-0.06288556503284146,-0.07224305636842382,-0.11539461233988925,0.06505564263648347,0.027565169469918483,-0.043006324899249104,-0.07609682565201793,-0.04613680109098498,-0.08755538324729734,-0.07943147236472753,-0.08703630560827316,-0.10424472805599302
-0.06213055279670597,-0.050237904962499386,-0.08694064498530049,0.0478778763152806,0.03345980749786979,-0.040310415842667036,-0.004873325656896396,-0.04065001293164621,-0.0640836220415634,-0.061476909424370826,-0.07118114494372574,-0.09103238705144201
-0.012206346229195551,-0.01777366253373453,-0.07381862461350187,0.008083880296686668,0.04007578700430258,-0.036977959399444725,-0.09672018563071164,-0.034710349480264885,-0.06433909002687035,-0.062193640934453676,-0.0701086401576379,-0.08548004251173655
0.03680971628885754,-0.01658406108547683,-0.10842060528042216,-0.008604013877887838,0.04700207384726878,-0.033018953901378184,-0.0702373128033961,-0.028406240766599877,-0.04457219498829716,-0.04992381501946455,-0.05933221414039753,-0.07965884217229713
-0.03787131290825044,-0.0014070881579888428,-0.1310237312654375,-0.004740915904987421,0.14556148414290945,-0.09540738599151746,-0.08580891107042699,-0.11630732208718189,-0.004619750292172426,-0.05617521544495288,-0.06711569747020127,-0.09770363730960649
-0.036246403745627674,0.0024184791675250323,-0.14884410452603292,-0.009538248347627088,0.17870392913497862,-0.10620224964395153,-0.08659840598279289,-0.06718464892705409,0.003443974295810087,-0.049145815267472574,-0.06613852846685433,-0.10343242928789888
-0.06671411923115371,0.005672896101017683,-0.15593003621168425,-0.01383272831895747,0.16660448150670437,-0.11680854618651938,-0.11161464504884858,-0.11832402056204777,0.011111431148633642,-0.05591120281368407,-0.07303673203956575,-0.11724854934737126
-0.009470865789989232,0.008103149334839466,-0.16361324503490432,-0.017358532502958247,0.2374061119460737,-0.10518643658312,-0.07353828870230936,-0.05065823435810499,0.017947660606448996,-0.03166173716381822,-0.049859134290397344,-0.09489511381294831
-0.0063195629989350865,-0.08192939578273309,-0.1480876139116612,0.06333554991678567,0.17094064032472273,-0.10354522212319389,-0.0387553055810161,-0.08681755030894918,-0.039586334060994134,-0.052739325975468404,-0.07083473263374471,-0.03483271332963996
-0.0040982794259916515,0.043783625908193784,-0.07004478670787093,-0.084392935566432,0.2327733503531736,0.007180865484770659,0.3666387368627805,0.41348003057926236,0.16275698794052873,0.10298016923977878,0.06443385789654701,-0.03211978554301266
-0.0018275992309810518,0.46433396272083,0.3480293506951369,-0.500710629007733,-0.02183834872637594,0.43060885925801584,-0.3757188409079331,0.17124261762134044,0.4856293659910905,0.5055033221529357,0.49655858974003664,-0.029161734099479746
0.0005105107726938512,-0.01823092256871526,-0.07349834698600652,-0.00030957573844139774,0.1167476104067094,-0.02484319848654301,-0.2243542177622396,-0.12517236640372734,-0.023338697517718776,0.010704283104548205,0.016844476052671836,-0.025852983452909734
0.0028961341355629912,-0.09738103752304278,-0.19777606799953368,0.054151207234765616,0.29995187603932477,0.006147171146809976,0.12953273181541297,0.02239080546759801,-0.002111874205794312,-0.028525645072228642,-0.05344198264013529,-0.10177772552344017
0.005270877062820366,-0.05202932940660947,-0.0954397580235794,0.03411449207461878,0.11209103412601429,0.006506116674543519,-0.019742482260334586,0.026287621374057428,0.000905233965227431,-0.011431706193036476,-0.023820804604026184,-0.06703386628250009
0.007538780382868861,-0.07201348570284807,-0.12029598526801773,0.049597472253738215,0.14191136481849254,0.005954546356834233,0.016440136930510642,0.0303204337712019,0.0065598245481865575,-0.010508158504732495,-0.03140592756518007,-0.060825327421838486
0.009581919397978594,-0.05312269327364216,-0.10827449713842413,0.02622944976591189,0.15313333930523038,0.004782379182152692,-0.018567602456517396,0.03458676903053075,0.013123531898431726,-0.0033578817708625544,-0.024175442465595408,-0.04373405034530298
0.005003424042635433,-0.047992479546872795,-0.10838661715768108,-0.01978859884160826,0.07447299147347558,-0.053802131169287504,0.03310741466222122,0.033036236892300494,0.033633662940182954,0.0019160263848230254,-0.01666074842338572,-0.0014076430749543328
0.040565494155459736,-0.030005469682600833,-0.10294625499475936,-0.02152763728651461,0.07757209806545633,-0.04364632007984475,-0.013152026676097404,0.026553651320595312,0.04362220376984428,0.011270738510392408,-0.006216825255363106,0.004564184780921665
0.07478527304513709,-0.011968219972587266,-0.09644422479483986,-0.023669127711622877,0.08163665444133894,-0.03361962758761984,0.009988609472302633,0.09022650473711222,0.06982415592013946,0.024072234861698467,0.0018677099724868317,0.010245101712360828
0.10057359398695229,0.007818651640024519,-0.08139149462832565,-0.025698225156399423,0.08625849557374907,-0.01996588270372021,-0.03851611669856857,0.10503588243189807,0.09821621210037293,0.046427804048886925,0.024758631592003852,0.015201739106029146
0.012766531419303177,0.038838398629054756,-0.047723974702750374,-0.0871167998307807,0.22883529064949434,0.007371044202252774,-0.028064745078199966,0.19338549674786176,0.14306031169741723,0.0036812655431411254,-0.002177686888221309,0.0723059790594556
0.011801289067525023,0.08564503954452686,-0.011764150652954025,-0.14077285483859636,0.24665267587972772,0.04533775085593151,-0.0716849217374351,0.21841525290784725,0.1772480769437677,0.0016958892392192671,-0.0032418488466259827,0.1133394128807073
0.010473297228034757,0.11022183261661228,0.003004341833511809,-0.1723452835496282,0.2775218692574306,0.06143982662380157,-0.04810881423737734,0.2441078925365284,0.18911511970819733,-0.0004268349291266355,-0.004337049307358761,0.14921883499453872
0.00892773763330302,0.09883115575426671,-0.009399911873972655,-0.1649669522359164,0.30614994729752826,0.045222142258086934,-0.03799335240856069,0.16818404010908444,0.15252457620585436,-0.0027614242199381096,-0.0055768403608643866,0.13492926468978347
0.00731450530229245,0.016108932925613467,-0.010006874383422154,-0.06266668446069246,0.23011551087520452,-0.021445378330565788,0.015524625260045798,0.08369109368654437,0.02916262174936486,0.040431832090018924,-0.007019007827869414,0.01818576115733829
0.0057635702178827665,-0.039313119149349623,-0.007102744911867546,-0.007326825860889858,0.2563612453605295,-0.07664734133701986,0.028301469057792763,-0.006746140246614747,0.02230183913731396,-0.007930169855209787,-0.008658711888239945,0.014246119978874774
0.004371291701717607,-0.07923717840525324,-0.00480881750419021,0.03649611686912239,0.24734343704693368,-0.11324733378192048,0.016896048800809374,-0.04077691725445175,0.014818033532687364,-0.037916692618095715,-0.010431500093965188,0.00949481599814025
0.0031995638807106276,-0.09073184889912067,-0.003092011269988869,0.0528825375282929,0.2187861560047298,-0.12083221663308828,-0.0018868381896976908,-0.06944195276184022,0.00732738276164284,-0.043196669770311794,-0.012226776802079068,0.004451080727344289
0.002275370059910767,-0.09665147831111488,-0.0018779688550467466,0.06134402477936032,0.07609382484296393,-0.12488300266568936,0.010100568060526439,-0.06730384888389548,-0.042730813195679125,-0.04904255766823426,-0.046861637483684895,-0.03419590125837214
0.0016018740506116044,-0.10216426593010342,-0.0010759294324200973,0.06445770463863282,0.07031882619704638,-0.1323182837371961,-0.0004845649027802072,-0.08445984861299971,-0.04678333420588207,-0.04597590448427791,-0.04287892386849261,-0.0369690701546753
0.0011666620376137517,-0.10098203407394668,-0.0005985766849330321,0.06871940051302841,0.06594512076442466,-0.12673881832339629,0.010924265550910191,-0.07872083968115917,-0.050943385339800216,-0.051389324349433586,-0.048581615678838556,-0.03916222854413663
0.0009541281531812797,-0.11365025848481805,-0.0003854929548243823,0.07256884943597577,0.06359759231988273,-0.14653899285043437,0.0009886608578581644,-0.09173480130681638,-0.05231029243118916,-0.046841626167676925,-0.04307902854147307,-0.04224539034857672
